cloneID,Antibiotic resistance,Availability comments,C-tag,DB_target_rank,Expression cell line,Expression system,HGNCSymbol,Mutations/sequence comments,N-tag,Protein family,Special expression comments,UniProtAC,UniProt_entry_name,UniProt_family,Vector comments,Vector name,insert_aa_seq,insert_dna_seq
MAPK6A-c013,Kanamycin,,,288,BL21(DE3)-R3,E. coli,MAPK6,L290V,His6-TEV,Kinase-CMGC,,Q16659,MK06_HUMAN,CMGC,"T7/lac regulated, N-terminal His-tag, TEV, LIC cloning using BsaI cleavage/T4 polymerase, SacB stuffer fragment, pET28 backbone.",pNIC28-Bsa4,MHHHHHHSSGVDLGTENLYFQSMNIHGFDLGSRYMDLKPLGCGGNGLVFSAVDNDCDKRVAIKKIVLTDPQSVKHALREIKIIRRLDHDNIVKVFEILGPSGSQLTDDVGSLTELNSVYIVQEYMETDLANVLEQGPLLEEHARLFMYQLLRGLKYIHSANVLHRDLKPANLFINTEDLVLKIGDFGLARIMDPHYSHKGHLSEGLVTKWYRSPRLLLSPNNYTKAIDMWAAGCIFAEMLTGKTLFAGAHELEQMQLILESIPVVHEEDRQELLSVIPVYIRNDMTEPHKPLTQLLPGISREAVDFLEQILTFSPMDRLTAEEALSHPYMSIYSFPMDEPI,ATGCACCATCATCATCATCATTCTTCTGGTGTAGATCTGGGTACCGAGAACCTGTACTTCCAATCCATGAACATTCATGGTTTTGATCTGGGTTCTAGGTATATGGACTTAAAACCATTGGGTTGTGGAGGCAATGGCTTGGTTTTTTCTGCTGTAGACAATGACTGTGACAAAAGAGTAGCCATCAAGAAAATTGTCCTTACTGATCCCCAGAGTGTCAAACATGCTCTACGTGAAATCAAAATTATTAGAAGACTTGACCATGATAACATTGTGAAAGTGTTTGAGATTCTTGGTCCCAGTGGAAGCCAATTAACAGACGATGTGGGCTCTCTTACGGAACTGAACAGTGTTTACATTGTTCAGGAGTACATGGAGACAGACTTGGCTAATGTGCTGGAGCAGGGCCCTTTACTGGAAGAGCATGCCAGGCTTTTCATGTATCAGCTGCTACGGGGGCTCAAGTATATTCACTCTGCAAATGTACTGCACAGAGATCTCAAACCAGCTAATCTTTTCATTAATACGGAAGACTTGGTGCTGAAGATAGGTGACTTTGGTCTTGCACGGATCATGGATCCTCATTATTCCCATAAGGGTCATCTTTCTGAAGGATTGGTTACTAAATGGTACAGATCTCCACGTCTTTTACTTTCTCCTAATAATTATACTAAAGCCATTGACATGTGGGCTGCAGGCTGCATCTTTGCTGAAATGCTGACTGGTAAAACCCTTTTTGCAGGTGCACATGAACTTGAACAGATGCAGCTGATTTTAGAATCTATTCCTGTTGTACATGAGGAAGATCGTCAGGAGCTTCTCAGCGTAATTCCAGTTTACATTAGAAATGACATGACTGAGCCACACAAACCTTTAACTCAGCTGCTTCCAGGAATTAGTCGAGAAGCAGTGGATTTCCTGGAACAAATTTTGACATTTAGCCCCATGGATCGGTTAACAGCAGAAGAAGCACTCTCCCATCCTTACATGAGCATATATTCTTTTCCAATGGATGAGCCAATTTAAAGCCATCCTTTTCATATTGAAGATGAAGTTGATGATATTTTGCTTATGGATGAATGACAGTAAAGGTGGATACGGATCCGAA
PAK5A-c011,Kanamycin,,,248,BL21(DE3)-R3,E. coli,PAK7,,His6-TEV,Kinase-STE,,Q9P286,PAK7_HUMAN,STE,"T7/lac regulated, N-terminal His-tag, TEV, LIC cloning using BsaI cleavage/T4 polymerase, SacB stuffer fragment, pET28 backbone.",pNIC28-Bsa4,MHHHHHHSSGVDLGTENLYFQSMSRVSHEQFRAALQLVVSPGDPREYLANFIKIGEGSTGIVCIATEKHTGKQVAVKKMDLRKQQRRELLFNEVVIMRDYHHDNVVDMYSSYLVGDELWVVMEFLEGGALTDIVTHTRMNEEQIATVCLSVLRALSYLHNQGVIHRDIKSDSILLTSDGRIKLSDFGFCAQVSKEVPKRKSLVGTPYWMAPEVISRLPYGTEVDIWSLGIMVIEMIDGEPPYFNEPPLQAMRRIRDSLPPRVKDLHKVSSVLRGFLDLMLVREPSQRATAQELLGHPFLKLAGPPSCIVPLMRQYRHH,ATGCACCATCATCATCATCATTCTTCTGGTGTAGATCTGGGTACCGAGAACCTGTACTTCCAATCCATGTCCAGGGTGTCCCATGAACAGTTTCGGGCGGCCCTGCAGCTGGTGGTCAGCCCAGGAGACCCCAGGGAATACTTGGCCAACTTTATCAAAATCGGGGAAGGCTCAACCGGCATCGTATGCATCGCCACCGAGAAACACACAGGGAAACAAGTTGCAGTGAAGAAAATGGACCTCCGGAAGCAACAGAGACGAGAACTGCTTTTCAATGAGGTCGTGATCATGCGGGATTACCACCATGACAATGTGGTTGACATGTACAGCAGCTACCTTGTCGGCGATGAGCTCTGGGTGGTCATGGAGTTTCTAGAAGGTGGTGCCTTGACAGACATTGTGACTCACACCAGAATGAATGAAGAACAGATAGCTACTGTCTGCCTGTCAGTTCTGAGAGCTCTCTCCTACCTTCATAACCAAGGAGTGATTCACAGGGACATAAAAAGTGACTCCATCCTCCTGACAAGCGATGGCCGGATAAAGTTGTCTGATTTTGGTTTCTGTGCTCAAGTTTCCAAAGAGGTGCCGAAGAGGAAATCATTGGTTGGCACTCCCTACTGGATGGCCCCTGAGGTGATTTCTAGGCTACCTTATGGGACAGAGGTGGACATCTGGTCCCTCGGGATCATGGTGATAGAAATGATTGATGGCGAGCCCCCCTACTTCAATGAGCCTCCCCTCCAGGCGATGCGGAGGATCCGGGACAGTTTACCTCCAAGAGTGAAGGACCTACACAAGGTTTCTTCAGTGCTCCGGGGATTCCTAGACTTGATGTTGGTGAGGGAGCCCTCTCAGAGAGCAACAGCCCAGGAACTCCTCGGACATCCATTCTTAAAACTAGCAGGTCCACCGTCTTGCATTGTCCCCCTCATGAGACAATACAGGCATCACTGACAGTAAAGGTGGATACGGATCCGAA
PAK6A-c014,Kanamycin,,,284,BL21(DE3)-R3,E. coli,PAK6,,His6-TEV,Kinase-STE,,Q9NQU5,PAK6_HUMAN,STE,"T7/lac regulated, N-terminal His-tag, TEV, LIC cloning using BsaI cleavage/T4 polymerase, SacB stuffer fragment, pET28 backbone.",pNIC28-Bsa4,MHHHHHHSSGVDLGTENLYFQSMQDPTVAKGALAGEDTGVVTHEQFKAALRMVVDQGDPRLLLDSYVKIGEGSTGIVCLAREKHSGRQVAVKMMDLRKQQRRELLFNEVVIMRDYQHFNVVEMYKSYLVGEELWVLMEFLQGGALTDIVSQVRLNEEQIATVCEAVLQALAYLHAQGVIHRDIKSDSILLTLDGRVKLSDFGFCAQISKDVPKRKSLVGTPYWMAPEVISRSLYATEVDIWSLGIMVIEMVDGEPPYFSDSPVQAMKRLRDSPPPKLKNSHKVSPVLRDFLERMLVRDPQERATAQELLDHPFLLQTGLPECLVPLIQLYRKQTST,ATGCACCATCATCATCATCATTCTTCTGGTGTAGATCTGGGTACCGAGAACCTGTACTTCCAATCCATGCAGGACCCCACGGTTGCCAAGGGTGCCCTGGCTGGTGAGGACACAGGTGTTGTGACACATGAGCAGTTCAAGGCTGCGCTCAGGATGGTGGTGGACCAGGGTGACCCCCGGCTGCTGCTGGACAGCTACGTGAAGATTGGCGAGGGCTCCACCGGCATCGTCTGCTTGGCCCGGGAGAAGCACTCGGGCCGCCAGGTGGCCGTCAAGATGATGGACCTCAGGAAGCAGCAGCGCAGGGAGCTGCTCTTCAACGAGGTGGTGATCATGCGGGACTACCAGCACTTCAACGTGGTGGAGATGTACAAGAGCTACCTGGTGGGCGAGGAGCTGTGGGTGCTCATGGAGTTCCTGCAGGGAGGAGCCCTCACAGACATCGTCTCCCAAGTCAGGCTGAATGAGGAGCAGATTGCCACTGTGTGTGAGGCTGTGCTGCAGGCCCTGGCCTACCTGCATGCTCAGGGTGTCATCCACCGGGACATCAAGAGTGACTCCATCCTGCTGACCCTCGATGGCAGGGTGAAGCTCTCGGACTTCGGATTCTGTGCTCAGATCAGCAAAGACGTCCCTAAGAGGAAGTCCCTGGTGGGAACCCCCTACTGGATGGCTCCTGAAGTGATCTCCAGGTCTTTGTATGCCACTGAGGTGGATATCTGGTCTCTGGGCATCATGGTGATTGAGATGGTAGATGGGGAGCCACCGTACTTCAGTGACTCCCCAGTGCAAGCCATGAAGAGGCTCCGGGACAGCCCCCCACCCAAGCTGAAAAACTCTCACAAGGTCTCCCCAGTGCTGCGAGACTTCCTGGAGCGGATGCTGGTGCGGGACCCCCAAGAGAGAGCCACAGCCCAGGAGCTCCTAGACCACCCCTTCCTGCTGCAGACAGGGCTACCTGAGTGCCTGGTGCCCCTGATCCAGCTCTACCGAAAGCAGACCTCCACCTGACAGTAAAGGTGGATACGGATCCGAA
STK10A-c013,Kanamycin,,,125,BL21(DE3)-R3,E. coli,STK10,,His6-TEV,Kinase-STE,,O94804,STK10_HUMAN,STE,"T7/lac regulated, N-terminal His-tag, TEV, LIC cloning using BsaI cleavage/T4 polymerase, SacB stuffer fragment, pET28 backbone.",pNIC28-Bsa4,MHHHHHHSSGVDLGTENLYFQSMRKSREYEHVRRDLDPNEVWEIVGELGDGAFGKVYKAKNKETGALAAAKVIETKSEEELEDYIVEIEILATCDHPYIVKLLGAYYHDGKLWIMIEFCPGGAVDAIMLELDRGLTEPQIQVVCRQMLEALNFLHSKRIIHRDLKAGNVLMTLEGDIRLADFGVSAKNLKTLQKRDSFIGTPYWMAPEVVMCETMKDTPYDYKADIWSLGITLIEMAQIEPPHHELNPMRVLLKIAKSDPPTLLTPSKWSVEFRDFLKIALDKNPETRPSAAQLLEHPFVSSITSNKALRELVAEAKAEVMEE,ATGCACCATCATCATCATCATTCTTCTGGTGTAGATCTGGGTACCGAGAACCTGTACTTCCAATCCATGAGAAAGTCCCGCGAATATGAGCACGTCCGCCGCGACCTGGACCCCAACGAGGTGTGGGAGATCGTGGGCGAGCTGGGCGACGGCGCCTTCGGCAAGGTTTACAAGGCCAAGAATAAGGAGACGGGTGCTTTGGCTGCGGCCAAAGTCATTGAAACCAAGAGTGAGGAGGAGCTGGAGGACTACATCGTGGAGATTGAGATCCTGGCCACCTGCGACCACCCCTACATTGTGAAGCTCCTGGGAGCCTACTATCACGACGGGAAGCTGTGGATCATGATTGAGTTCTGTCCAGGGGGAGCCGTGGACGCCATCATGCTGGAGCTGGACAGAGGCCTCACGGAGCCCCAGATACAGGTGGTTTGCCGCCAGATGCTAGAAGCCCTCAACTTCCTGCACAGCAAGAGGATCATCCACCGAGATCTGAAAGCTGGCAACGTGCTGATGACCCTCGAGGGAGACATCAGGCTGGCTGACTTTGGTGTGTCTGCCAAGAATCTGAAGACTCTACAGAAACGAGATTCCTTCATCGGCACGCCTTACTGGATGGCCCCCGAGGTGGTCATGTGTGAGACCATGAAAGACACGCCCTACGACTACAAAGCCGACATCTGGTCCCTGGGCATCACGCTGATTGAGATGGCCCAGATCGAGCCGCCACACCACGAGCTCAACCCCATGCGGGTCCTGCTAAAGATCGCCAAGTCAGACCCTCCCACGCTGCTCACGCCCTCCAAGTGGTCTGTAGAGTTCCGTGACTTCCTGAAGATAGCCCTGGATAAGAACCCAGAAACCCGACCCAGTGCCGCGCAGCTGCTGGAGCATCCCTTCGTCAGCAGCATCACCAGTAACAAGGCTCTGCGGGAGCTGGTGGCTGAGGCCAAGGCCGAGGTGATGGAAGAGTGACAGTAAAGGTGGATACGGATCCGAA
CLK3A-c005,Kanamycin,,,229,BL21(DE3)-R3,E. coli,CLK3,,His6-TEV,Kinase-CMGC,,P49761,CLK3_HUMAN,CMGC,"T7/lac regulated, N-terminal His-tag, TEV, LIC cloning using BsaI cleavage/T4 polymerase, SacB stuffer fragment, pET28 backbone.",pNIC28-Bsa4,MHHHHHHSSGVDLGTENLYFQSMQSSKRSSRSVEDDKEGHLVCRIGDWLQERYEIVGNLGEGTFGKVVECLDHARGKSQVALKIIRNVGKYREAARLEINVLKKIKEKDKENKFLCVLMSDWFNFHGHMCIAFELLGKNTFEFLKENNFQPYPLPHVRHMAYQLCHALRFLHENQLTHTDLKPENILFVNSEFETLYNEHKSCEEKSVKNTSIRVADFGSATFDHEHHTTIVATRHYRPPEVILELGWAQPCDVWSIGCILFEYYRGFTLFQTHENREHLVMMEKILGPIPSHMIHRTRKQKYFYKGGLVWDENSSDGRYVKENCKPLKSYMLQDSLEHVQLFDLMRRMLEFDPAQRITLAEALLHPFFAGLTPEERSFHT,ATGCACCATCATCATCATCATTCTTCTGGTGTAGATCTGGGTACCGAGAACCTGTACTTCCAATCCATGCAGAGCAGTAAGCGCAGCAGCCGGAGTGTGGAAGATGACAAGGAGGGTCACCTGGTGTGCCGGATCGGCGATTGGCTCCAAGAGCGATATGAGATTGTGGGGAACCTGGGTGAAGGCACCTTTGGCAAGGTGGTGGAGTGCTTGGACCATGCCAGAGGGAAGTCTCAGGTTGCCCTGAAGATCATCCGCAACGTGGGCAAGTACCGGGAGGCTGCCCGGCTAGAAATCAACGTGCTCAAAAAAATCAAGGAGAAGGACAAAGAAAACAAGTTCCTGTGTGTCTTGATGTCTGACTGGTTCAACTTCCACGGTCACATGTGCATCGCCTTTGAGCTCCTGGGCAAGAACACCTTTGAGTTCCTGAAGGAGAATAACTTCCAGCCTTACCCCCTACCACATGTCCGGCACATGGCCTACCAGCTCTGCCACGCCCTTAGATTTCTGCATGAGAATCAGCTGACCCATACAGACTTGAAACCAGAGAACATCCTGTTTGTGAATTCTGAGTTTGAAACCCTCTACAATGAGCACAAGAGCTGTGAGGAGAAGTCAGTGAAGAACACCAGCATCCGAGTGGCTGACTTTGGCAGTGCCACATTTGACCATGAGCACCACACCACCATTGTGGCCACCCGTCACTATCGCCCGCCTGAGGTGATCCTTGAGCTGGGCTGGGCACAGCCCTGTGACGTCTGGAGCATTGGCTGCATTCTCTTTGAGTACTACCGGGGCTTCACACTCTTCCAGACCCACGAAAACCGAGAGCACCTGGTGATGATGGAGAAGATCCTAGGGCCCATCCCATCACACATGATCCACCGTACCAGGAAGCAGAAATATTTCTACAAAGGGGGCCTAGTTTGGGATGAGAACAGCTCTGACGGCCGGTATGTGAAGGAGAACTGCAAACCTCTGAAGAGTTACATGCTCCAAGACTCCCTGGAGCACGTGCAGCTGTTTGACCTGATGAGGAGGATGTTAGAATTTGACCCTGCCCAGCGCATCACACTGGCCGAGGCCCTGCTGCACCCCTTCTTTGCTGGCCTGACCCCTGAGGAGCGGTCCTTCCACACCTAAGACAGTAAAGGTGGATACGGATCCGAA
MAP3K5A-c005,Kanamycin,,,152,BL21(DE3)-R3,E. coli,MAP3K5,,His6-TEV,Kinase-STE,,Q99683,M3K5_HUMAN,STE,"T7/lac regulated, N-terminal His-tag, TEV, LIC cloning using BsaI cleavage/T4 polymerase, SacB stuffer fragment, pET28 backbone.",pNIC28-Bsa4,MHHHHHHSSGVDLGTENLYFQSMRSTEEGDCESDLLEYDYEYDENGDRVVLGKGTYGIVYAGRDLSNQVRIAIKEIPERDSRYSQPLHEEIALHKHLKHKNIVQYLGSFSENGFIKIFMEQVPGGSLSALLRSKWGPLKDNEQTIGFYTKQILEGLKYLHDNQIVHRDIKGDNVLINTYSGVLKISDFGTSKRLAGINPCTETFTGTLQYMAPEIIDKGPRGYGKAADIWSLGCTIIEMATGKPPFYELGEPQAAMFKVGMFKVHPEIPESMSAEAKAFILKCFEPDPDKRACANDLLVDEFLKVSSKKKKTQPKL,ATGCACCATCATCATCATCATTCTTCTGGTGTAGATCTGGGTACCGAGAACCTGTACTTCCAATCCATGAGAAGCACAGAGGAAGGAGACTGTGAAAGTGACTTGCTGGAGTATGACTATGAATATGATGAAAATGGTGACAGAGTCGTTTTAGGAAAAGGCACTTATGGGATAGTCTACGCAGGTCGGGACTTGAGCAACCAAGTCAGAATTGCTATTAAGGAAATCCCAGAGAGAGACAGCAGATACTCTCAGCCCCTGCATGAAGAAATAGCATTGCATAAACACCTGAAGCACAAAAATATTGTCCAGTATCTGGGCTCTTTCAGTGAGAATGGTTTCATTAAAATCTTCATGGAGCAGGTCCCTGGAGGAAGTCTTTCTGCTCTCCTTCGTTCCAAATGGGGTCCATTAAAAGACAATGAGCAAACAATTGGCTTTTATACAAAGCAAATACTGGAAGGATTAAAATATCTCCATGACAATCAGATAGTTCACCGGGACATAAAGGGTGACAATGTGTTGATTAATACCTACAGTGGTGTTCTCAAGATCTCTGACTTCGGAACATCAAAGAGGCTTGCTGGCATAAACCCCTGTACTGAAACTTTTACTGGTACCCTCCAGTATATGGCACCAGAAATAATAGATAAAGGACCAAGAGGCTACGGAAAAGCAGCAGACATCTGGTCTCTGGGCTGTACAATCATTGAAATGGCCACAGGAAAACCCCCATTTTATGAACTGGGAGAACCACAAGCAGCTATGTTCAAGGTGGGAATGTTTAAAGTCCACCCTGAGATCCCAGAGTCCATGTCTGCAGAGGCCAAGGCATTCATACTGAAATGTTTTGAACCAGATCCTGACAAGAGAGCCTGTGCTAACGACTTGCTTGTTGATGAGTTTTTAAAAGTTTCAAGCAAAAAGAAAAAGACACAACCTAAGCTTTGACAGTAAAGGTGGATACGGATCCGAA
CAMK1DA-c011,Kanamycin,,,249,BL21(DE3)-R3-pRARE2,E. coli,CAMK1D,,His6-TEV,Kinase-CAMK,,Q8IU85,KCC1D_HUMAN,CAMK,"T7/lac regulated, N-terminal His-tag, TEV, LIC cloning using BsaI cleavage/T4 polymerase, SacB stuffer fragment, pET28 backbone.",pNIC28-Bsa4,MHHHHHHSSGVDLGTENLYFQSMARENGESSSSWKKQAEDIKKIFEFKETLGTGAFSEVVLAEEKATGKLFAVKCIPKKALKGKESSIENEIAVLRKIKHENIVALEDIYESPNHLYLVMQLVSGGELFDRIVEKGFYTEKDASTLIRQVLDAVYYLHRMGIVHRDLKPENLLYYSQDEESKIMISDFGLSKMEGKGDVMSTACGTPGYVAPEVLAQKPYSKAVDCWSIGVIAYILLCGYPPFYDENDSKLFEQILKAEYEFDSPYWDDISDSAKDFIRNLMEKDPNKRYTCEQAARHPWIAGDTALNKNIHESVSAQIRKNFAKSKWRQAFNATAVVRHMRKLHLGSSLDSSNA,ATGCACCATCATCATCATCATTCTTCTGGTGTAGATCTGGGTACCGAGAACCTGTACTTCCAATCCATGGCCCGGGAGAACGGCGAGAGCAGCTCCTCCTGGAAAAAGCAAGCTGAAGACATCAAGAAGATCTTCGAGTTCAAAGAGACCCTCGGAACCGGGGCCTTTTCCGAAGTGGTTTTAGCTGAAGAGAAGGCAACTGGCAAGCTCTTTGCTGTGAAGTGTATCCCTAAGAAGGCGCTGAAGGGCAAGGAAAGCAGCATAGAGAATGAGATAGCCGTCCTGAGAAAGATTAAGCATGAAAATATTGTTGCCCTGGAAGACATTTATGAAAGCCCAAATCACCTGTACTTGGTCATGCAGCTGGTGTCCGGTGGAGAGCTGTTTGACCGGATAGTGGAGAAGGGGTTTTATACAGAGAAGGATGCCAGCACTCTGATCCGCCAAGTCTTGGACGCCGTGTACTATCTCCACAGAATGGGCATCGTCCACAGAGACCTCAAGCCCGAAAATCTCTTGTACTACAGTCAAGATGAGGAGTCCAAAATAATGATCAGTGACTTTGGATTGTCAAAAATGGAGGGCAAAGGAGATGTGATGTCCACTGCCTGTGGAACTCCAGGCTATGTCGCTCCTGAAGTCCTCGCCCAGAAACCTTACAGCAAAGCCGTTGACTGCTGGTCCATCGGAGTGATTGCCTACATCTTGCTCTGCGGCTACCCTCCTTTTTATGATGAAAATGACTCCAAGCTCTTTGAGCAGATCCTCAAGGCGGAATATGAGTTTGACTCTCCCTACTGGGATGACATCTCCGACTCTGCAAAAGACTTCATTCGGAACCTGATGGAGAAGGACCCGAATAAAAGATACACGTGTGAGCAGGCAGCTCGGCACCCATGGATCGCTGGTGACACAGCCCTCAACAAAAACATCCACGAGTCCGTCAGCGCCCAGATCCGGAAAAACTTTGCCAAGAGCAAATGGAGACAAGCATTTAATGCCACGGCCGTCGTGAGACATATGAGAAAACTACACCTCGGCAGCAGCCTGGACAGTTCAAATGCATGACAGTAAAGGTGGATACGGATCCGAA
CAMK1GA-c034,Kanamycin,,,309,BL21(DE3)-R3-pRARE2,E. coli,CAMK1G,,His6-TEV,Kinase-CAMK,,Q96NX5,KCC1G_HUMAN,CAMK,"T7/lac regulated, N-terminal His-tag, TEV, LIC cloning using BsaI cleavage/T4 polymerase, SacB stuffer fragment, pET28 backbone.",pNIC28-Bsa4,MHHHHHHSSGVDLGTENLYFQSMQTTNIRKTFIFMEVLGSGAFSEVFLVKQRLTGKLFALKCIKKSPAFRDSSLENEIAVLKKIKHENIVTLEDIYESTTHYYLVMQLVSGGELFDRILERGVYTEKDASLVIQQVLSAVKYLHENGIVHRDLKPENLLYLTPEENSKIMITDFGLSKMEQNGIMSTACGTPGYVAPEVLAQKPYSKAVDCWSIGVITYILLCGYPPFYEETESKLFEKIKEGYYEFESPFWDDISESAKDFICHLLEKDPNERYTCEKALSHPWIDGNTALHRDIYPSVSLQIQKNFAKSKWRQAFNAAAVVHH,ATGCACCATCATCATCATCATTCTTCTGGTGTAGATCTGGGTACCGAGAACCTGTACTTCCAATCCATGCAGACCACCAACATCCGGAAAACCTTCATTTTTATGGAAGTGCTGGGATCAGGAGCTTTCTCAGAAGTTTTCCTGGTGAAGCAAAGACTGACTGGGAAGCTCTTTGCTCTGAAGTGCATCAAGAAGTCACCTGCCTTCCGGGACAGCAGCCTGGAGAATGAGATTGCTGTGTTGAAAAAGATCAAGCATGAAAACATTGTGACCCTGGAGGACATCTATGAGAGCACCACCCACTACTACCTGGTCATGCAGCTTGTTTCTGGTGGGGAGCTCTTTGACCGGATCCTGGAGCGGGGTGTCTACACAGAGAAGGATGCCAGTCTGGTGATCCAGCAGGTCTTGTCGGCAGTGAAATACCTACATGAGAATGGCATCGTCCACAGAGACTTAAAGCCCGAAAACCTGCTTTACCTTACCCCTGAAGAGAACTCTAAGATCATGATCACTGACTTTGGTCTGTCCAAGATGGAACAGAATGGCATCATGTCCACTGCCTGTGGGACCCCAGGCTACGTGGCTCCAGAAGTGCTGGCCCAGAAACCCTACAGCAAGGCTGTGGATTGCTGGTCCATCGGCGTCATCACCTACATATTGCTCTGTGGATACCCCCCGTTCTATGAAGAAACGGAGTCTAAGCTTTTCGAGAAGATCAAGGAGGGCTACTATGAGTTTGAGTCTCCATTCTGGGATGACATTTCTGAGTCAGCCAAGGACTTTATTTGCCACTTGCTTGAGAAGGATCCGAACGAGCGGTACACCTGTGAGAAGGCCTTGAGTCATCCCTGGATTGACGGAAACACAGCCCTCCACCGGGACATCTACCCATCAGTCAGCCTCCAGATCCAGAAGAACTTTGCTAAGAGCAAGTGGAGGCAAGCCTTCAACGCAGCAGCTGTGGTGCACCACTGACAGTAAAGGTGGATACGGATCCGAA
CAMK2GA-c013,Kanamycin,,,225,BL21(DE3)-R3-pRARE2,E. coli,CAMK2G,L503R,His6-TEV,Kinase-CAMK,,Q13555,KCC2G_HUMAN,CAMK,"T7/lac regulated, N-terminal His-tag, TEV, LIC cloning using BsaI cleavage/T4 polymerase, SacB stuffer fragment, pET28 backbone.",pNIC28-Bsa4,MHHHHHHSSGVDLGTENLYFQSMTEDEDLKVRKQEIIKITEQLIEAINNGDFEAYTKICDPGLTSFEPEALGNLVEGMDFHKFYFENLLSKNSKPIHTTILNPHVHVIGEDAACIAYIRLTQYIDGQGRPRTSQSEETRVWHRRDGKWLNVHYHCSGAPAAPRQ,ATGCACCATCATCATCATCATTCTTCTGGTGTAGATCTGGGTACCGAGAACCTGTACTTCCAATCCATGACAGAAGATGAGGACCTCAAAGTGCGAAAACAGGAGATCATTAAGATTACAGAACAGCTGATTGAAGCCATCAACAATGGGGACTTTGAGGCCTACACGAAGATTTGTGATCCAGGCCTCACTTCCTTTGAGCCTGAGGCCCTTGGTAACCTCGTGGAGGGGATGGATTTCCATAAGTTTTACTTTGAGAATCTCCTGTCAAAGAACAGCAAGCCTATCCATACCACCATCCTAAACCCACACGTCCACGTGATTGGGGAGGACGCAGCGTGCATCGCCTACATCCGCCTCACCCAGTACATCGACGGGCAGGGTCGGCCTCGCACCAGCCAGTCAGAAGAGACCCGGGTCTGGCACCGTCGGGATGGCAAGTGGCTCAATGTCCACTATCACTGCTCAGGGGCCCCTGCCGCACCGCGGCAGTGACAGTAAAGGTGGATACGGATCCGAA
PIM2A-c007,Kanamycin,,,105,BL21 (DE3) Star,E. coli,PIM2,,His6-TEV,Kinase-CAMK,,Q9P1W9,PIM2_HUMAN,CAMK,"T7-lacl regulated, N-terminal his tag, TEV cleavage, LIC cloning using BseRI/ T4 pol, pET backbone.",pNIC28-Bsa4,MHHHHHHSSGVDLGTENLYFQSMLTKPLQGPPAPPGTPTPPPGGKDREAFEAEYRLGPLLGKGGFGTVFAGHRLTDRLQVAIKVIPRNRVLGWSPLSDSVTCPLEVALLWKVGAGGGHPGVIRLLDWFETQEGFMLVLERPLPAQDLFDYITEKGPLGEGPSRCFFGQVVAAIQHCHSRGVVHRDIKDENILIDLRRGCAKLIDFGSGALLHDEPYTDFDGTRVYSPPEWISRHQYHALPATVWSLGILLYDMVCGDIPFERDQEILEAELHFPAHVSPDCCALIRRCLAPKPSSRPSLEEILLDPWMQTPAEDVPLNPSKGGPAPLAWSLLP,ATGCACCATCATCATCATCATTCTTCTGGTGTAGATCTGGGTACCGAGAACCTGTACTTCCAATCCATGTTGACCAAGCCTCTACAGGGGCCTCCCGCGCCCCCCGGGACCCCCACGCCGCCGCCAGGAGGCAAGGATCGGGAAGCGTTCGAGGCCGAGTATCGACTCGGCCCCCTCCTGGGTAAGGGGGGCTTTGGCACCGTCTTCGCAGGACACCGCCTCACAGATCGACTCCAGGTGGCCATCAAAGTGATTCCCCGGAATCGTGTGCTGGGCTGGTCCCCCTTGTCAGACTCAGTCACATGCCCACTCGAAGTCGCACTGCTATGGAAAGTGGGTGCAGGTGGTGGGCACCCTGGCGTGATCCGCCTGCTTGACTGGTTTGAGACACAGGAGGGCTTCATGCTGGTCCTCGAGCGGCCTTTGCCCGCCCAGGATCTCTTTGACTATATCACAGAGAAGGGCCCACTGGGTGAAGGCCCAAGCCGCTGCTTCTTTGGCCAAGTAGTGGCAGCCATCCAGCACTGCCATTCCCGTGGAGTTGTCCATCGTGACATCAAGGATGAGAACATCCTGATAGACCTACGCCGTGGCTGTGCCAAACTCATTGATTTTGGTTCTGGTGCCCTGCTTCATGATGAACCCTACACTGACTTTGATGGGACAAGGGTGTACAGCCCCCCAGAGTGGATCTCTCGACACCAGTACCATGCACTCCCGGCCACTGTCTGGTCACTGGGCATCCTCCTCTATGACATGGTGTGTGGGGACATTCCCTTTGAGAGGGACCAGGAGATTCTGGAAGCTGAGCTCCACTTCCCAGCCCATGTCTCCCCAGACTGCTGTGCCCTAATCCGCCGGTGCCTGGCCCCCAAACCTTCTTCCCGACCCTCACTGGAAGAGATCCTGCTGGACCCCTGGATGCAAACACCAGCCGAGGATGTACCCCTCAACCCCTCCAAAGGAGGCCCTGCCCCTTTGGCCTGGTCCTTGCTACCCTGACAGTAAAGGTGGATACGGATCCGAA
FESA-c001,Kanamycin,,,116,BL21(DE3)-R3-Yop-PPase,E. coli,FES,,His6-TEV,Kinase-TK,phosphatase co-expression,P07332,FES_HUMAN,TK,"T7/lac regulated, N-terminal His-tag, TEV, LIC cloning using BsaI cleavage/T4 polymerase, SacB stuffer fragment, pET28 backbone.",pNIC28-Bsa4,MHHHHHHSSGVDLGTENLYFQSMIPEVQKPLHEQLWYHGAIPRAEVAELLVHSGDFLVRESQGKQEYVLSVLWDGLPRHFIIQSLDNLYRLEGEGFPSIPLLIDHLLSTQQPLTKKSGVVLHRAVPKDKWVLNHEDLVLGEQIGRGNFGEVFSGRLRADNTLVAVKSCRETLPPDLKAKFLQEARILKQYSHPNIVRLIGVCTQKQPIYIVMELVQGGDFLTFLRTEGARLRVKTLLQMVGDAAAGMEYLESKCCIHRDLAARNCLVTEKNVLKISDFGMSREEADGVYAASGGLRQVPVKWTAPEALNYGRYSSESDVWSFGILLWETFSLGASPYPNLSNQQTREFVEKGGRLPCPELCPDAVFRLMEQCWAYEPGQRPSFSTIYQELQSIRKRHR,ATGCACCATCATCATCATCATTCTTCTGGTGTAGATCTGGGTACCGAGAACCTGTACTTCCAATCCATGATTCCGGAGGTGCAGAAGCCCCTGCATGAGCAGCTGTGGTACCACGGGGCCATCCCGAGGGCAGAGGTGGCTGAGCTGCTGGTGCACTCTGGGGACTTCCTGGTGCGGGAGAGCCAGGGCAAGCAGGAGTACGTGCTGTCGGTGCTGTGGGATGGTCTGCCCCGGCACTTCATCATCCAGTCCTTGGATAACCTGTACCGACTGGAAGGGGAAGGCTTTCCTAGCATTCCTTTGCTCATCGACCACCTACTGAGCACCCAGCAGCCCCTCACCAAGAAGAGTGGTGTTGTCCTGCACAGGGCTGTGCCCAAGGACAAGTGGGTGCTGAACCATGAGGACCTGGTGTTGGGTGAGCAGATTGGACGGGGGAACTTTGGCGAAGTGTTCAGCGGACGCCTGCGAGCCGACAACACCCTGGTGGCGGTGAAGTCTTGTCGAGAGACGCTCCCACCTGACCTCAAGGCCAAGTTTCTACAGGAAGCGAGGATCCTGAAGCAGTACAGCCACCCCAACATCGTGCGTCTCATTGGTGTCTGCACCCAGAAGCAGCCCATCTACATCGTCATGGAGCTTGTGCAGGGGGGCGACTTCCTGACCTTCCTCCGCACGGAGGGGGCCCGCCTGCGGGTGAAGACTCTGCTGCAGATGGTGGGGGATGCAGCTGCTGGCATGGAGTACCTGGAGAGCAAGTGCTGCATCCACCGGGACCTGGCTGCTCGGAACTGCCTGGTGACAGAGAAGAATGTCCTGAAGATCAGTGACTTTGGGATGTCCCGAGAGGAAGCCGATGGGGTCTATGCAGCCTCAGGGGGCCTCAGACAAGTCCCCGTGAAGTGGACCGCACCTGAGGCCCTTAACTACGGCCGCTACTCCTCCGAAAGCGACGTGTGGAGCTTTGGCATCTTGCTCTGGGAGACCTTCAGCCTGGGGGCCTCCCCCTATCCCAACCTCAGCAATCAGCAGACACGGGAGTTTGTGGAGAAGGGGGGCCGTCTGCCCTGCCCAGAGCTGTGTCCTGATGCCGTGTTCAGGCTCATGGAGCAGTGCTGGGCCTATGAGCCTGGGCAGCGGCCCAGCTTCAGCACCATCTACCAGGAGCTGCAGAGCATCCGAAAGCGGCATCGGTGACAGTAAAGGTGGATA
CAMK2BA-c013,Kanamycin,,,246,BL21-CALM,E. coli,CAMK2B,,His6-TEV,Kinase-CAMK,calmodulin co-expression,Q13554,KCC2B_HUMAN,CAMK,"T7/lac regulated, N-terminal His-tag, TEV, LIC cloning using BsaI cleavage/T4 polymerase, SacB stuffer fragment, pET28 backbone.",pNIC28-Bsa4,MHHHHHHSSGVDLGTENLYFQSMTDEYQLYEDIGKGAFSVVRRCVKLCTGHEYAAKIINTKKLSARDHQKLEREARICRLLKHSNIVRLHDSISEEGFHYLVFDLVTGGELFEDIVAREYYSEADASHCIQQILEAVLHCHQMGVVHRDLKPENLLLASKCKGAAVKLADFGLAIEVQGDQQAWFGFAGTPGYLSPEVLRKEAYGKPVDIWACGVILYILLVGYPPFWDEDQHKLYQQIKAGAYDFPSPEWDTVTPEAKNLINQMLTINPAKRITAHEALKHPWVCQRSTVASMMHRQETVECLKKFNARRKLKGA,ATGCACCATCATCATCATCATTCTTCTGGTGTAGATCTGGGTACCGAGAACCTGTACTTCCAATCCATGACCGACGAGTACCAGCTCTACGAGGATATTGGCAAGGGGGCTTTCTCTGTGGTCCGACGCTGTGTCAAGCTCTGCACCGGCCATGAGTATGCAGCCAAGATCATCAACACCAAGAAGCTGTCAGCCAGAGATCACCAGAAGCTGGAGAGAGAGGCTCGGATCTGCCGCCTTCTGAAGCATTCCAACATCGTGCGTCTCCACGACAGCATCTCCGAGGAGGGCTTCCACTACCTGGTCTTCGATCTGGTCACTGGTGGGGAGCTCTTTGAAGACATTGTGGCGAGAGAGTACTACAGCGAGGCTGATGCCAGTCACTGTATCCAGCAGATCCTGGAGGCCGTTCTCCATTGTCACCAAATGGGGGTCGTCCACAGAGACCTCAAGCCGGAGAACCTGCTTCTGGCCAGCAAGTGCAAAGGGGCTGCAGTGAAGCTGGCAGACTTCGGCCTAGCTATCGAGGTGCAGGGGGACCAGCAGGCATGGTTTGGTTTCGCTGGCACACCAGGCTACCTGTCCCCTGAGGTCCTTCGCAAAGAGGCGTATGGCAAGCCTGTGGACATCTGGGCATGTGGGGTGATCCTGTACATCCTGCTCGTGGGCTACCCACCCTTCTGGGACGAGGACCAGCACAAGCTGTACCAGCAGATCAAGGCTGGTGCCTATGACTTCCCGTCCCCTGAGTGGGACACCGTCACTCCTGAAGCCAAAAACCTCATCAACCAGATGCTGACCATCAACCCTGCCAAGCGCATCACAGCCCATGAGGCCCTGAAGCACCCGTGGGTCTGCCAACGCTCCACGGTAGCATCCATGATGCACAGACAGGAGACTGTGGAGTGTCTGAAAAAGTTCAATGCCAGGAGAAAGCTCAAGGGAGCCTGACAGTAAAGGTGGATA
DMPK1A-c026,Kanamycin,,,109,BL21(DE3)-R3-pRARE2,E. coli,DMPK,,His6-TEV,Kinase-AGC,,Q09013,DMPK_HUMAN,AGC,"T7/lac regulated, N-terminal His-tag, TEV, LIC cloning using BsaI cleavage/T4 polymerase, SacB stuffer fragment, pET28 backbone.",pNIC28-Bsa4,MHHHHHHSSGVDLGTENLYFQSMQQLVLDPGFLGLEPLLDLLLGVHQELGASELAQDKYVADFLQWAEPIVVRLKEVRLQRDDFEILKVIGRGAFSEVAVVKMKQTGQVYAMKIMNKWDMLKRGEVSCFREERDVLVNGDRRWITQLHFAFQDENYLYLVMEYYVGGDLLTLLSKFGERIPAEMARFYLAEIVMAIDSVHRLGYVHRDIKPDNILLDRCGHIRLADFGSCLKLRADGTVRSLVAVGTPDYLSPEILQAVGGGPGTGSYGPECDWWALGVFAYEMFYGQTPFYADSTAETYGKIVHYKEHLSLPLVDEGVPEEARDFIQRLLCPPETRLGRGGAGDFRTHPFFFGLDWDGLRDSVPPFTPDFEGATDTCNFDLVEDGLTAMVSGGGETLSDIREGAPLGVHLPFVGYSYSCMALRDSEVPGPTP,ATGCACCATCATCATCATCATTCTTCTGGTGTAGATCTGGGTACCGAGAACCTGTACTTCCAATCCATGCAGCAGCTGGTGTTGGACCCGGGCTTCCTGGGGCTGGAGCCCCTGCTCGACCTTCTCCTGGGCGTCCACCAGGAGCTGGGCGCCTCCGAACTGGCCCAGGACAAGTACGTGGCCGACTTCTTGCAGTGGGCGGAGCCCATCGTGGTGAGGCTTAAGGAGGTCCGACTGCAGAGGGACGACTTCGAGATTCTGAAGGTGATCGGACGCGGGGCGTTCAGCGAGGTAGCGGTAGTGAAGATGAAGCAGACGGGCCAGGTGTATGCCATGAAGATCATGAACAAGTGGGACATGCTGAAGAGGGGCGAGGTGTCGTGCTTCCGTGAGGAGAGGGACGTGTTGGTGAATGGGGACCGGCGGTGGATCACGCAGCTGCACTTCGCCTTCCAGGATGAGAACTACCTGTACCTGGTCATGGAGTATTACGTGGGCGGGGACCTGCTGACACTGCTGAGCAAGTTTGGGGAGCGGATTCCGGCCGAGATGGCGCGCTTCTACCTGGCGGAGATTGTCATGGCCATAGACTCGGTGCACCGGCTTGGCTACGTGCACAGGGACATCAAACCCGACAACATCCTGCTGGACCGCTGTGGCCACATCCGCCTGGCCGACTTCGGCTCTTGCCTCAAGCTGCGGGCAGATGGAACGGTGCGGTCGCTGGTGGCTGTGGGCACCCCAGACTACCTGTCCCCCGAGATCCTGCAGGCTGTGGGCGGTGGGCCTGGGACAGGCAGCTACGGGCCCGAGTGTGACTGGTGGGCGCTGGGTGTATTCGCCTATGAAATGTTCTATGGGCAGACGCCCTTCTACGCGGATTCCACGGCGGAGACCTATGGCAAGATCGTCCACTACAAGGAGCACCTCTCTCTGCCGCTGGTGGACGAAGGGGTCCCTGAGGAGGCTCGAGACTTCATTCAGCGGTTGCTGTGTCCCCCGGAGACACGGCTGGGCCGGGGTGGAGCAGGCGACTTCCGGACACATCCCTTCTTCTTTGGCCTCGACTGGGATGGTCTCCGGGACAGCGTGCCCCCCTTTACACCGGATTTCGAAGGTGCCACCGACACATGCAACTTCGACTTGGTGGAGGACGGGCTCACTGCCATGGTGAGCGGGGGCGGGGAGACACTGTCGGACATTCGGGAAGGTGCGCCGCTAGGGGTCCACCTGCCTTTTGTGGGCTACTCCTACTCCTGCATGGCCCTCAGGGACAGTGAGGTCCCAGGCCCCACACCCTGACAGTAAAGGTGGATA
CAMK2GA-c006,Kanamycin,,,225,BL21-CALM,E. coli,CAMK2G,,His6-TEV,Kinase-CAMK,calmodulin co-expression,Q13555,KCC2G_HUMAN,CAMK,"T7/lac regulated, N-terminal His-tag, TEV, LIC cloning using BsaI cleavage/T4 polymerase, SacB stuffer fragment, pET28 backbone.",pNIC28-Bsa4,MHHHHHHSSGVDLGTENLYFQSMATCTRFTDDYQLFEELGKGAFSVVRRCVKKTPTQEYAAKIINTKKLSARDHQKLEREARICRLLKHPNIVRLHDSISEEGFHYLVFDLVTGGELFEDIVAREYYSEADASHCIHQILESVNHIHQHDIVHRDLKPENLLLASKCKGAAVKLADFGLAIEVQGEQQAWFGFAGTPGYLSPEVLRKDPYGKPVDIWACGVILYILLVGYPPFWDEDQHKLYQQIKAGAYDFPSPEWDTVTPEAKNLINQMLTINPAKRITADQALKHPWVCQRSTVASMMHRQETVECLRKFNARRKLKGAILTTMLVSRNFSVG,ATGCACCATCATCATCATCATTCTTCTGGTGTAGATCTGGGTACCGAGAACCTGTACTTCCAATCCATGGCCACCTGCACACGTTTCACCGACGACTACCAGCTCTTCGAGGAGCTTGGCAAGGGTGCTTTCTCTGTGGTCCGCAGGTGTGTGAAGAAAACCCCCACGCAGGAGTACGCAGCAAAAATCATCAATACCAAGAAATTGTCTGCCCGGGATCACCAGAAACTAGAACGTGAGGCTCGGATATGTCGACTTCTGAAACATCCAAACATCGTGCGCCTCCATGACAGTATTTCTGAAGAAGGGTTTCACTACCTCGTGTTTGACCTTGTTACCGGCGGGGAGCTGTTTGAAGACATTGTGGCCAGAGAGTACTACAGTGAAGCAGATGCCAGCCACTGTATACATCAGATTCTGGAGAGTGTTAACCACATCCACCAGCATGACATCGTCCACAGGGACCTGAAGCCTGAGAACCTGCTGCTGGCGAGTAAATGCAAGGGTGCCGCCGTCAAGCTGGCTGATTTTGGCCTAGCCATCGAAGTACAGGGAGAGCAGCAGGCTTGGTTTGGTTTTGCTGGCACCCCAGGTTACTTGTCCCCTGAGGTCTTGAGGAAAGATCCCTATGGAAAACCTGTGGATATCTGGGCCTGCGGGGTCATCCTGTATATCCTCCTGGTGGGCTATCCTCCCTTCTGGGATGAGGATCAGCACAAGCTGTATCAGCAGATCAAGGCTGGAGCCTATGATTTCCCATCACCAGAATGGGACACGGTAACTCCTGAAGCCAAGAACTTGATCAACCAGATGCTGACCATAAACCCAGCAAAGCGCATCACGGCTGACCAGGCTCTCAAGCACCCGTGGGTCTGTCAACGATCCACGGTGGCATCCATGATGCATCGTCAGGAGACTGTGGAGTGTTTGCGCAAGTTCAATGCCCGGAGAAAACTGAAGGGTGCCATCCTCACGACCATGCTTGTCTCCAGGAACTTCTCAGTTGGCTGACAGTAAAGGTGGATA
CAMK2DA-c028,Kanamycin,,,173,BL21(DE3)-R3-pRARE2,E. coli,CAMK2D,,His6-TEV,Kinase-CAMK,,Q13557,KCC2D_HUMAN,CAMK,"T7/lac regulated, N-terminal His-tag, TEV, LIC cloning using BsaI cleavage/T4 polymerase, SacB stuffer fragment, pET28 backbone.",pNIC28-Bsa4,MHHHHHHSSGVDLGTENLYFQSMTDEYQLFEELGKGAFSVVRRCMKIPTGQEYAAKIINTKKLSARDHQKLEREARICRLLKHPNIVRLHDSISEEGFHYLVFDLVTGGELFEDIVAREYYSEADASHCIQQILESVNHCHLNGIVHRDLKPENLLLASKSKGAAVKLADFGLAIEVQGDQQAWFGFAGTPGYLSPEVLRKDPYGKPVDMWACGVILYILLVGYPPFWDEDQHRLYQQIKAGAYDFPSPEWDTVTPEAKDLINKMLTINPAKRITASEALKHPWICQRSTVASMMHRQETVDCLKKFNARRKLKGAILTTMLATRNFSAAKSLLKKPDGVKESTESSN,ATGCACCATCATCATCATCATTCTTCTGGTGTAGATCTGGGTACCGAGAACCTGTACTTCCAATCCATGACGGACGAGTATCAGCTTTTCGAGGAGCTTGGAAAGGGGGCATTCTCAGTGGTGAGAAGATGTATGAAAATTCCTACTGGACAAGAATATGCTGCCAAAATTATCAACACCAAAAAGCTTTCTGCTAGGGATCATCAGAAACTAGAAAGAGAAGCTAGAATCTGCCGTCTTTTGAAGCACCCTAATATTGTGCGACTTCATGATAGCATATCAGAAGAGGGCTTTCACTACTTGGTGTTTGATTTAGTTACTGGAGGTGAACTGTTTGAAGACATAGTGGCAAGAGAATACTACAGTGAAGCTGATGCCAGTCATTGTATACAGCAGATTCTAGAAAGTGTTAATCATTGTCACCTAAATGGCATAGTTCACAGGGACCTGAAGCCTGAGAATTTGCTTTTAGCTAGCAAATCCAAGGGAGCAGCTGTGAAATTGGCAGACTTTGGCTTAGCCATAGAAGTTCAAGGGGACCAGCAGGCGTGGTTTGGTTTTGCTGGCACACCTGGATATCTTTCTCCAGAAGTTTTACGTAAAGATCCTTATGGAAAGCCAGTGGATATGTGGGCATGTGGTGTCATTCTCTATATTCTACTTGTGGGGTATCCACCCTTCTGGGATGAAGACCAACACAGACTCTATCAGCAGATCAAGGCTGGAGCTTATGATTTTCCATCACCAGAATGGGACACGGTGACTCCTGAAGCCAAAGACCTCATCAATAAAATGCTTACTATCAACCCTGCCAAACGCATCACAGCCTCAGAGGCACTGAAGCACCCATGGATCTGTCAACGTTCTACTGTTGCTTCCATGATGCACAGACAGGAGACTGTAGACTGCTTGAAGAAATTTAATGCTAGAAGAAAACTAAAGGGTGCCATCTTGACAACTATGCTGGCTACAAGGAATTTCTCAGCAGCCAAGAGTTTGTTGAAGAAACCAGATGGAGTAAAGGAGTCAACTGAGAGTTCAAATTGACAGTAAAGGTGGATA
TTKA-c013,Kanamycin,,,157,BL21(DE3)-R3-pRARE2,E. coli,TTK,,His6-TEV,Kinase-Other,,P33981,TTK_HUMAN,,"T7/lac regulated, N-terminal His-tag, TEV, LIC cloning using BsaI cleavage/T4 polymerase, SacB stuffer fragment, pET28 backbone.",pNIC28-Bsa4,MHHHHHHSSGVDLGTENLYFQSMSVKGRIYSILKQIGSGGSSKVFQVLNEKKQIYAIKYVNLEEADNQTLDSYRNEIAYLNKLQQHSDKIIRLYDYEITDQYIYMVMECGNIDLNSWLKKKKSIDPWERKSYWKNMLEAVHTIHQHGIVHSDLKPANFLIVDGMLKLIDFGIANQMQPDTTSVVKDSQVGTVNYMPPEAIKDMSSSRENGKSKSKISPKSDVWSLGCILYYMTYGKTPFQQIINQISKLHAIIDPNHEIEFPDIPEKDLQDVLKCCLKRDPKQRISIPELLAHPYVQIQTHPVNQMAKGTTEE,ATGCACCATCATCATCATCATTCTTCTGGTGTAGATCTGGGTACCGAGAACCTGTACTTCCAATCCATGTCGGTTAAAGGAAGAATTTATTCCATTTTAAAGCAGATAGGAAGTGGAGGTTCAAGCAAGGTATTTCAGGTGTTAAATGAAAAGAAACAGATATATGCTATAAAATATGTGAACTTAGAAGAAGCAGATAACCAAACTCTTGATAGTTACCGGAACGAAATAGCTTATTTGAATAAACTACAACAACACAGTGATAAGATCATCCGACTTTATGATTATGAAATCACGGACCAGTACATCTACATGGTAATGGAGTGTGGAAATATTGATCTTAATAGTTGGCTTAAAAAGAAAAAATCCATTGATCCATGGGAACGCAAGAGTTACTGGAAAAATATGTTAGAGGCAGTTCACACAATCCATCAACATGGCATTGTTCACAGTGATCTTAAACCAGCTAACTTTCTGATAGTTGATGGAATGCTAAAGCTAATTGATTTTGGGATTGCAAACCAAATGCAACCAGATACAACAAGTGTTGTTAAAGATTCTCAGGTTGGCACAGTTAATTATATGCCACCAGAAGCAATCAAAGATATGTCTTCCTCCAGAGAGAATGGGAAATCTAAGTCAAAGATAAGCCCCAAAAGTGATGTTTGGTCCTTAGGATGTATTTTGTACTATATGACTTACGGGAAAACACCATTTCAGCAGATAATTAATCAGATTTCTAAATTACATGCCATAATTGATCCTAATCATGAAATTGAATTTCCCGATATTCCAGAGAAAGATCTTCAAGATGTGTTAAAGTGTTGTTTAAAAAGGGACCCAAAACAGAGGATATCCATTCCTGAGCTCCTGGCTCATCCCTATGTTCAAATTCAAACTCATCCAGTTAACCAAATGGCCAAGGGAACCACTGAAGAATGACAGTAAAGGTGGATA
DYRK1AA-c004,Kanamycin,,,81,BL21(DE3)-R3-pRARE2,E. coli,DYRK1A,codon-optimized,His6-TEV,Kinase-CMGC,,Q13627,DYR1A_HUMAN,CMGC,"T7/lac regulated, N-terminal His-tag, TEV, LIC cloning using BsaI cleavage/T4 polymerase, SacB stuffer fragment, pET28 backbone.",pNIC28-Bsa4,MHHHHHHSSGVDLGTENLYFQSMSSHKKERKVYNDGYDDDNYDYIVKNGEKWMDRYEIDSLIGKGSFGQVVKAYDRVEQEWVAIKIIKNKKAFLNQAQIEVRLLELMNKHDTEMKYYIVHLKRHFMFRNHLCLVFEMLSYNLYDLLRNTNFRGVSLNLTRKFAQQMCTALLFLATPELSIIHCDLKPENILLCNPKRSAIKIVDFGSSCQLGQRIYQYIQSRFYRSPEVLLGMPYDLAIDMWSLGCILVEMHTGEPLFSGANEVDQMNKIVEVLGIPPAHILDQAPKARKFFEKLPDGTWNLKKTKDGKREYKPPGTRKLHNILGVETGGPGGRRAGESGHTVADYLKFKDLILRMLDYDPKTRIQPYYALQHSFFKKTADE,ATGCACCATCATCATCATCATTCTTCTGGTGTAGATCTGGGTACCGAGAACCTGTACTTCCAATCCATGAGCTCCCATAAGAAGGAACGTAAGGTGTACAACGATGGTTATGACGACGATAATTACGACTACATCGTTAAGAACGGCGAGAAGTGGATGGATCGCTATGAAATTGACTCGCTGATCGGTAAAGGCTCTTTCGGTCAGGTCGTAAAAGCCTATGATCGTGTGGAGCAAGAATGGGTCGCAATAAAGATCATTAAGAACAAGAAGGCGTTCTTGAACCAGGCACAGATCGAGGTCCGCCTGTTGGAACTGATGAATAAGCACGATACCGAGATGAAATACTATATCGTGCATCTGAAACGTCACTTCATGTTTCGCAATCACCTGTGTTTGGTATTCGAGATGCTGTCATACAACCTGTATGACCTGTTGCGTAATACTAACTTCCGCGGCGTTAGTTTGAATCTGACACGCAAATTCGCCCAACAAATGTGCACCGCTTTGTTGTTTCTGGCGACTCCAGAATTGAGCATTATTCATTGTGATCTGAAACCTGAGAACATCCTGTTGTGCAACCCGAAACGCTCCGCAATCAAAATTGTCGACTTTGGTTCTTCATGTCAGCTGGGCCAGCGTATCTACCAATACATTCAGAGTCGCTTCTATCGTTCGCCCGAAGTGTTGCTGGGTATGCCATACGATTTGGCCATCGACATGTGGAGCCTGGGCTGCATTCTGGTAGAAATGCATACGGGAGAACCTTTGTTTTCCGGAGCAAACGAAGTGGATCAAATGAACAAGATCGTTGAGGTCCTGGGTATTCCGCCCGCGCACATCTTGGACCAGGCCCCAAAAGCACGCAAATTCTTTGAAAAGCTGCCTGATGGCACCTGGAACCTCAAAAAAACGAAGGACGGTAAACGTGAATATAAGCCCCCCGGCACACGCAAATTGCATAACATCCTGGGTGTAGAAACCGGCGGTCCAGGCGGTCGTCGCGCTGGCGAATCTGGTCATACGGTAGCCGATTACTTGAAGTTCAAAGACCTGATTTTGCGTATGCTGGATTATGACCCTAAAACCCGCATCCAACCGTACTATGCGCTGCAGCATTCATTCTTTAAGAAAACAGCAGATGAGTGACAGTAAAGGTGGATA
GSG2A-c009,Kanamycin,,,371,BL21(DE3)-R3,E. coli,GSG2,codon-optimized,His6-TEV,Kinase-Other,,Q8TF76,HASP_HUMAN,,"T7/lac regulated, N-terminal His-tag, TEV, LIC cloning using BsaI cleavage/T4 polymerase, SacB stuffer fragment, pET28 backbone.",pNIC28-Bsa4,MHHHHHHSSGVDLGTENLYFQSMGECSQKGPVPFSHCLPTEKLQRCEKIGEGVFGEVFQTIADHTPVAIKIIAIEGPDLVNGSHQKTFEEILPEIIISKELSLLSGEVCNRTEGFIGLNSVHCVQGSYPPLLLKAWDHYNSTKGSANDRPDFFKDDQLFIVLEFEFGGIDLEQMRTKLSSLATAKSILHQLTASLAVAEASLRFEHRDLHWGNVLLKKTSLKKLHYTLNGKSSTIPSCGLQVSIIDYTLSRLERDGIVVFCDVSMDEDLFTGDGDYQFDIYRLMKKENNNRWGEYHPYSNVLWLHYLTDKMLKQMTFKTKCNTPAMKQIKRKIQEFHRTMLNFSSATDLLCQHSLFK,ATGCACCATCATCATCATCATTCTTCTGGTGTAGATCTGGGTACCGAGAACCTGTACTTCCAATCCATGGGAGAATGTAGTCAGAAGGGCCCCGTACCATTCTCGCACTGCCTCCCCACGGAGAAATTGCAACGTTGTGAGAAAATCGGTGAAGGCGTGTTTGGTGAGGTATTTCAGACCATTGCCGACCATACTCCGGTCGCTATCAAGATTATCGCGATTGAAGGCCCCGATCTGGTAAACGGTAGTCACCAAAAGACATTTGAGGAAATCTTGCCAGAGATTATCATCTCCAAGGAACTGTCTTTGCTGTCAGGCGAGGTGTGCAATCGCACAGAAGGTTTCATTGGCCTGAACAGTGTTCATTGTGTCCAGGGTTCGTATCCTCCGTTGCTGTTGAAAGCATGGGACCACTACAACAGCACTAAAGGCTCCGCCAATGATCGTCCCGACTTCTTCAAGGATGACCAACTGTTCATCGTGCTGGAGTTTGAGTTCGGCGGCATTGATTTGGAACAGATGCGCACCAAACTCTCTTCATTGGCTACAGCGAAGAGTATCCTGCATCAGTTGACCGCCAGCCTGGCAGTAGCTGAGGCCTCCCTGCGTTTTGAACACCGCGACTTGCATTGGGGTAACGTGCTGTTGAAGAAAACTTCGCTGAAGAAACTGCACTATACATTGAATGGCAAGTCGTCAACCATTCCAAGTTGCGGTCTGCAAGTTAGCATCATTGATTACACTTTGTCCCGTCTGGAGCGCGACGGCATCGTCGTATTTTGCGATGTGTCGATGGACGAAGATTTGTTTACCGGTGACGGCGATTATCAGTTCGACATCTACCGCCTCATGAAGAAAGAGAACAACAATCGCTGGGGAGAGTATCATCCTTACTCTAACGTTCTGTGGTTGCACTACCTGACAGATAAGATGTTGAAACAAATGACTTTCAAGACCAAATGCAATACACCGGCGATGAAACAGATTAAGCGCAAAATCCAAGAGTTTCACCGCACCATGCTGAACTTCTCAAGCGCAACTGACCTGTTGTGTCAGCACAGTCTGTTTAAGTGACAGTAAAGGTGGATA
CSNK1G1A-c013,Kanamycin,,,274,BL21(DE3)-R3,E. coli,CSNK1G1,,His6-TEV,Kinase-CK1,,Q9HCP0,KC1G1_HUMAN,CK1,"T7/lac regulated, N-terminal His-tag, TEV, LIC cloning using BsaI cleavage/T4 polymerase, SacB stuffer fragment, pET28 backbone.",pNIC28-Bsa4,MHHHHHHSSGVDLGTENLYFQSMRVGKKIGCGNFGELRLGKNLYTNEYVAIKLEPIKSRAPQLHLEYRFYKQLGSAGEGLPQVYYFGPCGKYNAMVLELLGPSLEDLFDLCDRTFTLKTVLMIAIQLLSRMEYVHSKNLIYRDVKPENFLIGRQGNKKEHVIHIIDFGLAKEYIDPETKKHIPYREHKSLTGTARYMSINTHLGKEQSRRDDLEALGHMFMYFLRGSLPWQGLKADTLKERYQKIGDTKRNTPIEALCENFPEEMATYLRYVRRLDFFEKPDYEYLRTLFTDLFEKKGYTFDYAYDWVGRPIPTPVGSVHVDSGASAITRE,ATGCACCATCATCATCATCATTCTTCTGGTGTAGATCTGGGTACCGAGAACCTGTACTTCCAATCCATGAGGGTTGGCAAGAAGATAGGATGTGGGAACTTCGGAGAGCTCAGATTAGGTAAAAATCTCTACACCAATGAATATGTAGCAATCAAACTGGAACCAATAAAATCACGTGCTCCACAGCTTCATTTAGAGTACAGATTTTATAAACAGCTTGGCAGTGCAGGTGAAGGTCTCCCACAGGTGTATTACTTTGGACCATGTGGGAAATATAATGCCATGGTGCTGGAGCTCCTTGGCCCTAGCTTGGAGGACTTGTTTGACCTCTGTGACCGAACATTTACTTTGAAGACGGTGTTAATGATAGCCATCCAGCTGCTTTCTCGAATGGAATACGTGCACTCAAAGAACCTCATTTACCGAGATGTCAAGCCAGAGAACTTCCTGATTGGTCGACAAGGCAATAAGAAAGAGCATGTTATACACATTATAGACTTTGGACTGGCCAAGGAATACATTGACCCCGAAACCAAAAAACACATACCTTATAGGGAACACAAAAGTTTAACTGGAACTGCAAGATATATGTCTATCAACACGCATCTTGGCAAAGAGCAAAGCCGGAGAGATGATTTGGAAGCCCTAGGCCATATGTTCATGTATTTCCTTCGAGGCAGCCTCCCCTGGCAAGGACTCAAGGCTGACACATTAAAAGAGAGATATCAAAAAATTGGTGACACCAAAAGGAATACTCCCATTGAAGCTCTCTGTGAGAACTTTCCAGAGGAGATGGCAACCTACCTTCGATATGTCAGGCGACTGGACTTCTTTGAAAAACCTGATTATGAGTATTTACGGACCCTCTTCACAGACCTCTTTGAAAAGAAAGGCTACACCTTTGACTATGCCTATGATTGGGTTGGGAGACCTATTCCTACTCCAGTAGGGTCAGTTCACGTAGATTCTGGTGCATCTGCAATAACTCGAGAATGACAGTAAAGGTGGATACGGATCCGAA
VRK2A-c017,Kanamycin,,,355,BL21(DE3)-R3-pRARE2,E. coli,VRK2,V167I,His6-TEV,Kinase-CK1,,Q86Y07,VRK2_HUMAN,CK1,"T7/lac regulated, N-terminal His-tag, TEV, LIC cloning using BsaI cleavage/T4 polymerase, SacB stuffer fragment, pET28 backbone.",pNIC28-Bsa4,MHHHHHHSSGVDLGTENLYFQSMPFPEGKVLDDMEGNQWVLGKKIGSGGFGLIYLAFPTNKPEKDARHVVKVEYQENGPLFSELKFYQRVAKKDCIKKWIERKQLDYLGIPLFYGSGLTEFKGRSYRFMVMERLGIDLQKISGQNGTFKKSTVLQLGIRMLDVLEYIHENEYVHGDIKAANLLLGYKNPDQVYLADYGLSYRYCPNGNHKQYQENPRKGHNGTIEFTSLDAHKGVALSRRSDVEILGYCMLRWLCGKLPWEQNLKDPVAVQTAKTNLLDELPQSVLKWAPSGSSCCEIAQFLVCAHSLAYDEKPNYQALKKILNPHGIPLGPLDFSTKGQSINVH,ATGCACCATCATCATCATCATTCTTCTGGTGTAGATCTGGGTACCGAGAACCTGTACTTCCAATCCATGCCATTTCCAGAAGGCAAGGTTCTGGATGATATGGAAGGCAATCAGTGGGTACTGGGCAAGAAGATTGGCTCTGGAGGATTTGGATTGATATATTTAGCTTTCCCCACAAATAAACCAGAGAAAGATGCAAGACATGTAGTAAAAGTGGAATATCAAGAAAATGGCCCGTTATTTTCAGAACTTAAATTTTATCAGAGAGTTGCAAAAAAAGACTGTATCAAAAAGTGGATAGAACGCAAACAACTTGATTATTTAGGAATTCCTCTGTTTTATGGATCTGGTCTGACTGAATTCAAGGGAAGAAGTTACAGATTTATGGTAATGGAAAGACTAGGAATAGATTTACAGAAGATCTCAGGCCAGAATGGTACCTTTAAAAAGTCAACTGTCCTGCAATTAGGTATCCGAATGTTGGATGTACTGGAATATATACATGAAAATGAATATGTTCATGGTGATATAAAAGCAGCAAATCTACTTTTGGGTTACAAAAATCCAGACCAGGTTTATCTTGCAGATTATGGACTTTCCTACAGATATTGTCCCAATGGGAACCACAAACAGTATCAGGAAAATCCTAGAAAAGGCCATAATGGGACAATAGAGTTTACCAGCTTGGATGCCCACAAGGGAGTAGCCTTGTCCAGACGAAGTGACGTTGAGATCCTCGGCTACTGCATGCTGCGGTGGTTGTGTGGGAAACTTCCCTGGGAACAGAACCTGAAGGACCCTGTGGCTGTGCAGACTGCTAAAACAAATCTGTTGGACGAGCTCCCCCAGTCAGTGCTTAAATGGGCTCCTTCTGGAAGCAGTTGCTGTGAAATAGCCCAATTTTTGGTATGTGCTCATAGTTTAGCATATGATGAAAAGCCAAACTATCAAGCCCTCAAGAAAATTTTGAACCCTCATGGAATACCTTTAGGACCACTGGACTTTTCCACAAAAGGACAGAGTATAAATGTCCATTGACAGTAAAGGTGGATACGGATCCGAA
VRK3A-c016,Kanamycin,,,444,BL21(DE3)-R3-pRARE2,E. coli,VRK3,E161K,His6-TEV,Kinase-CK1,,Q8IV63,VRK3_HUMAN,CK1,"T7/lac regulated, N-terminal His-tag, TEV, LIC cloning using BsaI cleavage/T4 polymerase, SacB stuffer fragment, pET28 backbone.",pNIC28-Bsa4,MHHHHHHSSGVDLGTENLYFQSMTTSLEALPTGTVLTDKSGRQWKLKSFQTRDNQGILYEAAPTSTLTCDSGPQKQKFSLKLDAKDGRLFNEQNFFQRAAKPLQVNKWKKLYSTPLLAIPTCMGFGVHQDKYRFLVLPSLGRSLQSALDVSPKHVLSERSVLQVACRLLDALEFLHENEYVHGNVTAENIFVDPEDQSQVTLAGYGFAFRYCPSGKHVAYVEGSRSPHEGDLEFISMDLHKGCGPSRRSDLQSLGYCMLKWLYGFLPWTNCLPNTEDIMKQKQKFVDKPGPFVGPCGHWIRPSETLQKYLKVVMALTYEEKPPYAMLRNNLEALLQDLRVSPYDPIGLPMVP,ATGCACCATCATCATCATCATTCTTCTGGTGTAGATCTGGGTACCGAGAACCTGTACTTCCAATCCATGACCACCTCACTTGAAGCTTTGCCCACAGGGACAGTGCTGACAGACAAGAGTGGGCGACAGTGGAAGCTGAAGTCCTTCCAGACCAGGGACAACCAGGGCATTCTCTATGAAGCTGCACCCACCTCCACCCTCACCTGTGACTCAGGACCACAGAAGCAAAAGTTCTCACTCAAACTGGATGCCAAGGATGGGCGCTTGTTCAATGAGCAGAACTTCTTCCAGCGGGCCGCCAAGCCTCTGCAAGTCAACAAGTGGAAGAAGCTGTACTCGACCCCACTGCTGGCCATCCCTACCTGCATGGGTTTCGGTGTTCACCAGGACAAATACAGGTTCTTGGTGTTACCCAGCCTGGGGAGGAGCCTTCAGTCGGCCCTGGATGTCAGCCCAAAGCATGTGCTGTCAGAGAGGTCTGTGCTGCAGGTGGCCTGCCGGCTGCTGGATGCCCTGGAGTTCCTCCATGAGAATGAGTATGTTCATGGAAATGTGACAGCTGAAAATATCTTTGTGGATCCAGAGGACCAGAGTCAGGTGACTTTGGCAGGCTATGGCTTCGCCTTCCGCTATTGCCCAAGTGGCAAACACGTGGCCTACGTGGAAGGCAGCAGGAGCCCTCACGAGGGGGACCTTGAGTTCATTAGCATGGACCTGCACAAGGGATGCGGGCCCTCCCGCCGCAGCGACCTCCAGAGCCTGGGCTACTGCATGCTGAAGTGGCTCTACGGGTTTCTGCCATGGACAAATTGCCTTCCCAACACTGAGGACATCATGAAGCAAAAACAGAAGTTTGTTGATAAGCCGGGGCCCTTCGTGGGACCCTGCGGTCACTGGATCAGGCCCTCAGAGACCCTGCAGAAGTACCTGAAGGTGGTGATGGCCCTCACGTATGAGGAGAAGCCGCCCTACGCCATGCTGAGGAACAACCTAGAAGCTTTGCTGCAGGATCTGCGTGTGTCTCCATATGACCCCATTGGCCTCCCGATGGTGCCCTGACAGTAAAGGTGGATACGGATCCGAA
MAP3K3B-c012,Kanamycin,,,321,BL21(DE3)-R3,E. coli,MAP3K3,,His6-TEV,Kinase-STE,,Q99759,M3K3_HUMAN,STE,"T7/lac regulated, N-terminal His-tag, TEV, LIC cloning using BsaI cleavage/T4 polymerase, SacB stuffer fragment, pET28 backbone.",pNIC28-Bsa4,MHHHHHHSSGVDLGTENLYFQSMGHSNRQSDVRIKFEHNGERRIIAFSRPVKYEDVEHKVTTVFGQPLDLHYMNNELSILLKNQDDLDKAIDILDRSSSMKSLRILLLSQD,ATGCACCATCATCATCATCATTCTTCTGGTGTAGATCTGGGTACCGAGAACCTGTACTTCCAATCCATGGGTCACTCAAATAGGCAGAGTGACGTCAGAATCAAGTTCGAGCACAACGGGGAGAGGCGAATTATAGCGTTCAGCCGGCCTGTGAAATATGAAGATGTGGAGCACAAGGTGACAACAGTATTTGGACAACCTCTTGATCTACATTACATGAACAATGAGCTCTCCATCCTGCTGAAAAACCAAGATGATCTTGATAAAGCAATTGACATTTTAGATAGAAGCTCAAGCATGAAAAGCCTTAGGATATTGCTGTTGTCCCAGGACTGACAGTAAAGGTGGATACGGATCCGAA
PRKCGA-c007,Kanamycin,,,71,BL21(DE3)-R3,E. coli,PRKCG,,His6-TEV,Kinase-AGC,,P05129,KPCG_HUMAN,AGC,"T7/lac regulated, N-terminal His-tag, TEV, LIC cloning using BsaI cleavage/T4 polymerase, SacB stuffer fragment, pET28 backbone.",pNIC28-Bsa4,MHHHHHHSSGVDLGTENLYFQSMHTERRGRLQLEIRAPTADEIHVTVGEARNLIPMDPNGLSDPYVKLKLIPDPRNLTKQKTRTVKATLNPVWNETFVFNLKPGDVERRLSVEVWDWDRTSRNDFMGAMSFGVSELLKAPVDGWYKLLNQEEGEYYNVPVADADN,ATGCACCATCATCATCATCATTCTTCTGGTGTAGATCTGGGTACCGAGAACCTGTACTTCCAATCCATGCACACCGAGCGCCGCGGGCGCCTGCAGCTGGAGATCCGGGCTCCCACAGCAGATGAGATCCACGTAACTGTTGGCGAGGCCCGTAACCTAATTCCTATGGACCCCAACGGTCTCTCTGATCCCTATGTGAAACTGAAGCTCATCCCAGACCCTCGGAACCTGACGAAACAGAAGACCCGAACGGTGAAAGCCACGCTAAACCCTGTGTGGAATGAGACCTTTGTGTTCAACCTGAAGCCAGGGGATGTGGAGCGCCGGCTCAGCGTGGAGGTGTGGGACTGGGACCGGACCTCCCGCAACGACTTCATGGGGGCCATGTCCTTTGGCGTCTCGGAGCTGCTCAAGGCGCCCGTGGATGGCTGGTACAAGTTACTGAACCAGGAGGAGGGCGAGTATTACAATGTGCCGGTGGCCGATGCTGACAACTGAAGTAAAGGTGGATACGGATCCGAA
CSNK1G3A-c002,Kanamycin,,,291,BL21(DE3)-R3,E. coli,CSNK1G3,"R174G, G187A, E302D (from cDNA isolate)",His6-TEV,Kinase-CK1,,Q9Y6M4,KC1G3_HUMAN,CK1,"T7/lac regulated, N-terminal His-tag, TEV, LIC cloning using BsaI cleavage/T4 polymerase, SacB stuffer fragment, pET28 backbone.",pNIC28-Bsa4,MHHHHHHSSGVDLGTENLYFQSMGVLMVGPNFRVGKKIGCGNFGELRLGKNLYTNEYVAIKLEPMKSRAPQLHLEYRFYKQLGSGDGIPQVYYFGPCGKYNAMVLELLGPSLEDLFDLCDRTFSLKTVLMIAIQLISRMEYVHSKNLIYRDVKPENFLIGRPGNKTQQVIHIIDFALAKEYIDPETKKHIPYREHKSLTGTARYMSINTHLGKEQSRRDDLEALGHMFMYFLRGSLPWQGLKADTLKERYQKIGDTKRATPIEVLCENFPEMATYLRYVRRLDFFEKPDYDYLRKLFTDLFDRKGYMFDYEYDWIGKQLPTPVGAVQQDPALSSNREAHQHRDKMQQSKNQ,ATGCACCATCATCATCATCATTCTTCTGGTGTAGATCTGGGTACCGAGAACCTGTACTTCCAATCCATGGGAGTTTTAATGGTTGGACCTAACTTTAGAGTTGGAAAAAAAATTGGATGTGGCAATTTTGGAGAATTACGATTAGGGAAAAATTTATACACAAATGAATATGTGGCAATTAAGTTGGAGCCCATGAAATCAAGAGCACCACAGCTACATTTGGAATACAGATTCTATAAGCAGTTAGGATCTGGAGATGGTATACCTCAAGTTTACTATTTCGGCCCTTGTGGTAAATACAATGCTATGGTGCTGGAACTGCTGGGACCTAGTTTGGAAGACTTGTTTGACTTGTGTGACAGAACATTTTCTCTTAAAACAGTTCTCATGATAGCTATACAACTGATTTCTCGCATGGAATATGTCCATTCAAAGAACTTGATATACAGAGATGTAAAACCTGAGAACTTCTTAATAGGACGACCAGGAAACAAAACCCAGCAAGTTATTCACATTATAGATTTTGCTTTGGCAAAGGAATATATTGATCCGGAGACAAAGAAACACATACCATACAGAGAACACAAGAGCCTTACAGGAACAGCTAGATATATGAGCATAAACACACATTTAGGAAAAGAACAAAGTAGAAGAGACGATTTAGAAGCTTTAGGTCATATGTTCATGTATTTTCTGAGAGGCAGTCTTCCTTGGCAAGGCTTAAAGGCTGACACATTAAAGGAGAGGTATCAGAAAATTGGAGATACAAAACGGGCTACACCAATAGAAGTGTTATGTGAAAATTTTCCAGAAATGGCAACATATCTTCGTTATGTAAGAAGGCTAGATTTTTTTGAAAAACCAGACTATGACTACTTAAGAAAGCTTTTTACTGACTTGTTTGATCGAAAAGGATATATGTTTGATTATGAATATGACTGGATTGGTAAACAGTTGCCTACTCCAGTGGGTGCAGTTCAGCAAGATCCTGCTCTGTCATCAAACAGAGAAGCACATCAACACAGAGATAAGATGCAACAATCCAAAAACCAGTGACAGTAAAGGTGGATACGGATCCGAA
MAP3K10A-c003,Kanamycin,,,266,BL21(DE3)-R3,E. coli,MAP3K10,,His6-TEV,Kinase-TKL,,Q02779,M3K10_HUMAN,STE,"T7/lac regulated, N-terminal His-tag, TEV, LIC cloning using BsaI cleavage/T4 polymerase, SacB stuffer fragment, pET28 backbone.",pNIC28-Bsa4,MHHHHHHSSGVDLGTENLYFQSMGTTPAGPVWTAVFDYEAAGDEELTLRRGDRVQVLSQDCAVSGDEGWWTGQLPSGRVGVFPSNYVAP,ATGCACCATCATCATCATCATTCTTCTGGTGTAGATCTGGGTACCGAGAACCTGTACTTCCAATCCATGGGCACGACCCCCGCGGGGCCCGTCTGGACCGCGGTGTTCGACTACGAGGCGGCGGGCGACGAGGAGCTGACCCTGCGGAGGGGCGATCGCGTCCAGGTGCTTTCCCAAGACTGTGCGGTGTCCGGCGACGAGGGCTGGTGGACCGGGCAGCTCCCCAGCGGCCGCGTGGGCGTCTTCCCCAGCAACTACGTGGCCCCCTGACAGTAAAGGTGGATACGGATCCGAA
SLKA-c004,Kanamycin,,,210,BL21(DE3)-R3,E. coli,SLK,K25T,His6-TEV,Kinase-STE,,Q9H2G2,SLK_HUMAN,STE,"T7/lac regulated, N-terminal His-tag, TEV, LIC cloning using BsaI cleavage/T4 polymerase, SacB stuffer fragment, pET28 backbone.",pNIC28-Bsa4,MHHHHHHSSGVDLGTENLYFQSMKQYEHVTRDLNPEDFWEIIGELGDGAFGKVYKAQNKETSVLAAAKVIDTKSEEELEDYMVEIDILASCDHPNIVKLLDAFYYENNLWILIEFCAGGAVDAVMLELERPLTESQIQVVCKQTLDALNYLHDNKIIHRDLKAGNILFTLDGDIKLADFGVSAKNTRTIQRRDSFIGTPYWMAPEVVMCETSKDRPYDYKADVWSLGITLIEMAEIEPPHHELNPMRVLLKIAKSEPPTLAQPSRWSSNFKDFLKKCLEKNVDARWTTSQLLQHPFVTVDSNKPIRELIAEAKAEVTEEVEDGKE,ATGCACCATCATCATCATCATTCTTCTGGTGTAGATCTGGGTACCGAGAACCTGTACTTCCAATCCATGAAGCAGTACGAACACGTGACGAGGGACCTGAACCCCGAAGACTTTTGGGAGATTATAGGAGAACTGGGCGACGGAGCCTTTGGGAAAGTGTACAAGGCCCAGAATAAAGAGACCAGTGTTTTAGCTGCTGCAAAAGTGATTGACACTAAATCTGAAGAAGAACTTGAAGATTACATGGTAGAGATTGACATATTAGCATCTTGTGATCACCCAAATATAGTCAAGCTTCTAGATGCCTTCTATTATGAGAACAATCTTTGGATCCTCATTGAATTTTGTGCAGGTGGAGCAGTAGATGCTGTGATGCTTGAACTTGAGAGACCATTAACTGAGTCCCAAATACAAGTAGTTTGCAAGCAGACTTTAGATGCATTGAACTACTTACATGATAATAAGATCATCCACAGAGATCTGAAGGCTGGCAACATTCTCTTTACCTTAGATGGAGATATCAAATTGGCGGATTTTGGAGTATCAGCTAAAAACACGAGGACAATTCAAAGAAGAGATTCCTTTATTGGTACACCATATTGGATGGCTCCTGAAGTAGTCATGTGTGAAACATCTAAGGACAGACCCTATGACTACAAAGCTGATGTTTGGTCCCTGGGTATCACTTTAATAGAAATGGCTGAGATAGAACCACCTCATCATGAATTAAATCCAATGCGAGTGCTGCTAAAAATAGCAAAATCTGAGCCACCTACATTAGCACAGCCATCCAGATGGTCTTCAAATTTTAAGGACTTTCTAAAGAAATGCTTAGAAAAGAATGTGGATGCCAGGTGGACTACATCTCAGCTGCTGCAGCATCCCTTTGTTACTGTTGATTCCAACAAACCCATCCGAGAATTGATTGCAGAGGCGAAGGCTGAAGTAACAGAAGAAGTTGAAGATGGCAAAGAGTGA
DAPK3A-c010,Kanamycin,,,196,BL21(DE3)-R3-pRARE2,E. coli,DAPK3,,His6-TEV,Kinase-CAMK,,O43293,DAPK3_HUMAN,CAMK,"T7/lac regulated, N-terminal His-tag, TEV, LIC cloning using BsaI cleavage/T4 polymerase, SacB stuffer fragment, pET28 backbone.",pNIC28-Bsa4,MHHHHHHSSGVDLGTENLYFQSMVEDHYEMGEELGSGQFAIVRKCRQKGTGKEYAAKFIKKRRLSSSRRGVSREEIEREVNILREIRHPNIITLHDIFENKTDVVLILELVSGGELFDFLAEKESLTEDEATQFLKQILDGVHYLHSKRIAHFDLKPENIMLLDKNVPNPRIKLIDFGIAHKIEAGNEFKNIFGTPEFVAPEIVNYEPLGLEADMWSIGVITYILLSGASPFLGETKQETLTNISAVNYDFDEEYFSNTSELAKDFIRRLLVKDPKRRMTIAQSLEHSWIKAIRRRNVRGEDSG,ATGCACCATCATCATCATCATTCTTCTGGTGTAGATCTGGGTACCGAGAACCTGTACTTCCAATCCATGGTGGAGGACCATTATGAGATGGGGGAGGAGCTGGGCAGCGGCCAGTTTGCGATCGTGCGGAAGTGCCGGCAGAAGGGCACGGGCAAGGAGTACGCAGCCAAGTTCATCAAGAAGCGCCGCCTGTCATCCAGCCGGCGTGGGGTGAGCCGGGAGGAGATCGAGCGGGAGGTGAACATCCTGCGGGAGATCCGGCACCCCAACATCATCACCCTGCACGACATCTTCGAGAACAAGACGGACGTGGTCCTCATCCTGGAGCTGGTCTCTGGCGGGGAGCTCTTTGACTTCCTGGCGGAGAAGGAGTCGCTGACGGAGGACGAGGCCACCCAGTTCCTCAAGCAGATCCTGGACGGCGTTCACTACCTGCACTCTAAGCGCATCGCACACTTTGACCTGAAGCCGGAAAACATCATGCTGCTGGACAAGAACGTGCCCAACCCACGAATCAAGCTCATCGACTTCGGCATCGCGCACAAGATCGAGGCGGGGAACGAGTTCAAGAACATCTTCGGCACCCCGGAGTTTGTGGCCCCAGAGATTGTGAACTATGAGCCGCTGGGCCTGGAGGCGGACATGTGGAGCATCGGTGTCATCACCTATATCCTCCTGAGCGGTGCATCCCCGTTCCTGGGCGAGACCAAGCAGGAGACGCTCACCAACATCTCAGCCGTGAACTACGACTTCGACGAGGAGTACTTCAGCAACACCAGCGAGCTGGCCAAGGACTTCATTCGCCGGCTGCTCGTCAAAGATCCCAAGCGGAGAATGACCATTGCCCAGAGCCTGGAACATTCCTGGATTAAGGCGATCCGGCGGCGGAACGTGCGTGGTGAGGACAGCGGCTGACAGTAAAGGTGGATACGGATCCGAA
CAMK2AA-c026,Kanamycin,,,376,BL21(DE3)-R3-pRARE2,E. coli,CAMK2A,,His6-TEV,Kinase-CAMK,,Q9UQM7,KCC2A_HUMAN,CAMK,"T7/lac regulated, N-terminal His-tag, TEV, LIC cloning using BsaI cleavage/T4 polymerase, SacB stuffer fragment, pET28 backbone.",pNIC28-Bsa4,MHHHHHHSSGVDLGTENLYFQSMYQLFEELGKGAFSVVRRCVKVLAGQEYAAKIINTKKLSARDHQKLEREARICRLLKHPNIVRLHDSISEEGHHYLIFDLVTGGELFEDIVAREYYSEADASHCIQQILEAVLHCHQMGVVHRDLKPENLLLASKLKGAAVKLADFGLAIEVEGEQQAWFGFAGTPGYLSPEVLRKDPYGKPVDLWACGVILYILLVGYPPFWDEDQHRLYQQIKAGAYDFPSPEWDTVTPEAKDLINKMLTINPSKRITAAEALKHPWISHRSTVASCMHRQETVDCLKKFNARRKLKGA,ATGCACCATCATCATCATCATTCTTCTGGTGTAGATCTGGGTACCGAGAACCTGTACTTCCAATCCATGTACCAGCTCTTCGAGGAATTGGGCAAGGGAGCCTTCTCGGTGGTGCGAAGGTGTGTGAAGGTGCTGGCTGGCCAGGAGTATGCTGCCAAGATCATCAACACAAAGAAGCTGTCAGCCAGAGACCATCAGAAGCTGGAGCGTGAAGCCCGCATCTGCCGCCTGCTGAAGCACCCCAACATCGTCCGACTACATGACAGCATCTCAGAGGAGGGACACCACTACCTGATCTTCGACCTGGTCACTGGTGGGGAACTGTTTGAAGATATCGTGGCCCGGGAGTATTACAGTGAGGCGGATGCCAGTCACTGTATCCAGCAGATCCTGGAGGCTGTGCTGCACTGCCACCAGATGGGGGTGGTGCACCGGGACCTGAAGCCTGAGAATCTGTTGCTGGCCTCCAAGCTCAAGGGTGCCGCAGTGAAGCTGGCAGACTTTGGCCTGGCCATAGAGGTGGAGGGGGAGCAGCAGGCATGGTTTGGGTTTGCAGGGACTCCTGGATATCTCTCCCCAGAAGTGCTGCGGAAGGACCCGTACGGGAAGCCTGTGGACCTGTGGGCTTGTGGGGTCATCCTGTACATCCTGCTGGTTGGGTACCCCCCGTTCTGGGATGAGGACCAGCACCGCCTGTACCAGCAGATCAAAGCCGGCGCCTATGATTTCCCATCGCCGGAATGGGACACTGTCACCCCGGAAGCCAAGGATCTGATCAATAAGATGCTGACCATTAACCCATCCAAACGCATCACAGCTGCCGAAGCCCTTAAGCACCCCTGGATCTCGCACCGCTCCACCGTGGCATCCTGCATGCACAGACAGGAGACCGTGGACTGCCTGAAGAAGTTCAATGCCAGGAGGAAACTGAAGGGAGCCTGACAGTAAAGGTGGATA
BMPR2A-c019,Kanamycin,,His6,77,BL21(DE3)-R3,E. coli,BMPR2,,,Kinase-TKL,,Q13873,BMPR2_HUMAN,TKL,"C-terminal his tag, LIC cloning, EXP-06-AA9343",pNIC-CH,MEAAASEPSLDLDNLKLLELIGRGRYGAVYKGSLDERPVAVKVFSFANRQNFINEKNIYRVPLMEHDNIARFIVGDERVTADGRMEYLLVMEYYPNGSLCKYLSLHTSDWVSSCRLAHSVTRGLAYLHTELPRGDHYKPAISHRDLNSRNVLVKNDGTCVISDFGLSMRLTGNRLVRPGEEDNAAISEVGTIRYMAPEVLEGAVNLRDCESALKQVDMYALGLIYWEIFMRCTDLFPGESVPEYQMAFQTEVGNHPTFEDMQVLVSREKQRPKFPEAWKENSLAVRSLKETIEDCWDQDAEARLTAQCAEERMAELMMIWERNKSVSPTAHHHHHH,ATGGAGGCAGCAGCATCCGAACCCTCTCTTGATCTAGATAATCTGAAACTGTTGGAGCTGATTGGCCGAGGTCGATATGGAGCAGTATATAAAGGCTCCTTGGATGAGCGTCCAGTTGCTGTAAAAGTGTTTTCCTTTGCAAACCGTCAGAATTTTATCAACGAAAAGAACATTTACAGAGTGCCTTTGATGGAACATGACAACATTGCCCGCTTTATAGTTGGAGATGAGAGAGTCACTGCAGATGGACGCATGGAATATTTGCTTGTGATGGAGTACTATCCCAATGGATCTTTATGCAAGTATTTAAGTCTCCACACAAGTGACTGGGTAAGCTCTTGCCGTCTTGCTCATTCTGTTACTAGAGGACTGGCTTATCTTCACACAGAATTACCACGAGGAGATCATTATAAACCTGCAATTTCCCATCGAGATTTAAACAGCAGAAATGTCCTAGTGAAAAATGATGGAACCTGTGTTATTAGTGACTTTGGACTGTCCATGAGGCTGACTGGAAATAGACTGGTGCGCCCAGGGGAGGAAGATAATGCAGCCATAAGCGAGGTTGGCACTATCAGATATATGGCACCAGAAGTGCTAGAAGGAGCTGTGAACTTGAGGGACTGTGAATCAGCTTTGAAACAAGTAGACATGTATGCTCTTGGACTAATCTATTGGGAGATATTTATGAGATGTACAGACCTCTTCCCAGGGGAATCCGTACCAGAGTACCAGATGGCTTTTCAGACAGAGGTTGGAAACCATCCCACTTTTGAGGATATGCAGGTTCTCGTGTCTAGGGAAAAACAGAGACCCAAGTTCCCAGAAGCCTGGAAAGAAAATAGCCTGGCAGTGAGGTCACTCAAGGAGACAATCGAAGACTGTTGGGACCAGGATGCAGAGGCTCGGCTTACTGCACAGTGTGCTGAGGAAAGGATGGCTGAACTTATGATGATTTGGGAAAGAAACAAATCTGTGAGCCCAACAGCGCACCATCATCACCACCATT
STK17BA-c014,Kanamycin,,,282,BL21(DE3)-R3-pRARE2,E. coli,STK17B,,His6-TEV,Kinase-CAMK,,O94768,ST17B_HUMAN,CAMK,"T7/lac regulated, N-terminal His-tag, TEV, LIC cloning using BsaI cleavage/T4 polymerase, SacB stuffer fragment, pET28 backbone.",pNIC28-Bsa4,MHHHHHHSSGVDLGTENLYFQSMENFNNFYILTSKELGRGKFAVVRQCISKSTGQEYAAKFLKKRRRGQDCRAEILHEIAVLELAKSCPRVINLHEVYENTSEIILILEYAAGGEIFSLCLPELAEMVSENDVIRLIKQILEGVYYLHQNNIVHLDLKPQNILLSSIYPLGDIKIVDFGMSRKIGHACELREIMGTPEYLAPEILNYDPITTATDMWNIGIIAYMLLTHTSPFVGEDNQETYLNISQVNVDYSEETFSSVSQLATDFIQSLLVKNPEKRPTAEICLSHSWLQQWDFENLFHPEETSSSSQTQDHSVRSSEDKTSKSS,ATGCACCATCATCATCATCATTCTTCTGGTGTAGATCTGGGTACCGAGAACCTGTACTTCCAATCCATGGAAAACTTTAATAATTTCTATATACTTACATCTAAAGAGCTAGGGAGAGGTAAATTTGCTGTGGTTAGACAATGTATATCAAAATCTACTGGCCAAGAATATGCTGCAAAATTTCTAAAAAAGAGAAGAAGAGGACAGGATTGTCGGGCAGAAATTTTACACGAGATTGCTGTGCTTGAATTGGCAAAGTCTTGTCCCCGTGTTATTAATCTTCATGAGGTCTATGAAAATACAAGTGAAATCATTTTGATATTGGAATATGCTGCAGGTGGAGAAATTTTCAGCCTGTGTTTACCTGAGTTGGCTGAAATGGTTTCTGAAAATGATGTTATCAGACTCATTAAACAAATACTTGAAGGAGTTTATTATCTACATCAGAATAACATTGTACACCTTGATTTAAAGCCACAGAATATATTACTGAGCAGCATATACCCTCTCGGGGACATTAAAATAGTAGATTTTGGAATGTCTCGAAAAATAGGGCATGCGTGTGAACTTCGGGAAATCATGGGAACACCAGAATATTTAGCTCCAGAAATCCTGAACTATGATCCCATTACCACAGCAACAGATATGTGGAATATTGGTATAATAGCATATATGTTGTTAACTCACACATCACCATTTGTGGGAGAAGATAATCAAGAAACATACCTCAATATCTCTCAAGTTAATGTAGATTATTCGGAAGAAACTTTTTCATCAGTTTCACAGCTGGCCACAGACTTTATTCAGAGCCTTTTAGTAAAAAATCCAGAGAAAAGACCAACAGCAGAGATATGCCTTTCTCATTCTTGGCTACAGCAGTGGGACTTTGAAAACTTGTTTCACCCTGAAGAAACTTCCAGTTCCTCTCAAACTCAGGATCATTCTGTAAGGTCCTCTGAAGACAAGACTTCTAAATCCTCCTGACAGTAAAGGTGGATACGGATCCGAA
CAMK2DA-c021,Kanamycin,,,173,BL21(DE3)-R3-pRARE2,E. coli,CAMK2D,,His6-TEV,Kinase-CAMK,,Q13557,KCC2D_HUMAN,CAMK,"T7/lac regulated, N-terminal His-tag, TEV, LIC cloning using BsaI cleavage/T4 polymerase, SacB stuffer fragment, pET28 backbone.",pNIC28-Bsa4,MHHHHHHSSGVDLGTENLYFQSMSNTTIEDEDVKARKQEIIKVTEQLIEAINNGDFEAYTKICDPGLTAFEPEALGNLVEGMDFHRFYFENALSKSNKPIHTIILNPHVHLVGDDAACIAYIRLTQYMDGSGMPKTMQSEETRVWHRRDGKWQNVHFHRSGSPTV,ATGCACCATCATCATCATCATTCTTCTGGTGTAGATCTGGGTACCGAGAACCTGTACTTCCAATCCATGTCAAATACAACAATTGAGGATGAAGATGTGAAAGCACGAAAGCAAGAGATTATCAAAGTCACTGAACAACTGATCGAAGCTATCAACAATGGGGACTTTGAAGCCTACACAAAAATCTGTGACCCAGGCCTTACTGCTTTTGAACCTGAAGCTTTGGGTAATTTAGTGGAAGGGATGGATTTTCACCGATTCTACTTTGAAAATGCTTTGTCCAAAAGCAATAAACCAATCCACACTATTATTCTAAACCCTCATGTACATCTGGTAGGGGATGATGCCGCCTGCATAGCATATATTAGGCTCACACAGTACATGGATGGCAGTGGAATGCCAAAGACAATGCAGTCAGAAGAGACTCGTGTGTGGCACCGCCGGGATGGAAAGTGGCAGAATGTTCATTTTCATCGCTCGGGGTCACCAACAGTATGACAGTAAAGGTGGATA
CAMK4A-c007,Kanamycin,,,228,BL21-CALM,E. coli,CAMK4,,His6-TEV,Kinase-CAMK,calmodulin co-expression,Q16566,KCC4_HUMAN,CAMK,"T7/lac regulated, N-terminal His-tag, TEV, LIC cloning using BsaI cleavage/T4 polymerase, SacB stuffer fragment, pET28 backbone.",pNIC28-Bsa4,MHHHHHHSSGVDLGTENLYFQSMSSVTASAAPGTASLVPDYWIDGSNRDALSDFFEVESELGRGATSIVYRCKQKGTQKPYALKVLKKTVDKKIVRTEIGVLLRLSHPNIIKLKEIFETPTEISLVLELVTGGELFDRIVEKGYYSERDAADAVKQILEAVAYLHENGIVHRDLKPENLLYATPAPDAPLKIADFGLSKIVEHQVLMKTVCGTPGYCAPEILRGCAYGPEVDMWSVGIITYILLCGFEPFYDERGDQFMFRRILNCEYYFISPWWDEVSLNAKDLVRKLIVLDPKKRLTTFQALQHPWVTGKAANFVHMDTAQKKLQEFNARRKLKAAVKAVVASSRLG,ATGTCTTCGGTCACCGCCAGTGCGGCCCCGGGGACCGCGAGCCTCGTCCCGGATTACTGGATCGACGGCTCCAACAGGGATGCGCTGAGCGATTTCTTCGAGGTGGAGTCGGAGCTGGGACGGGGTGCTACATCCATTGTGTACAGATGCAAACAGAAGGGGACCCAGAAGCCTTATGCTCTCAAAGTGTTAAAGAAAACAGTGGACAAAAAAATCGTAAGAACTGAGATAGGAGTTCTTCTTCGCCTCTCACATCCAAACATTATAAAACTTAAAGAGATATTTGAAACCCCTACAGAAATCAGTCTGGTCCTAGAACTCGTCACAGGAGGAGAACTGTTTGATAGGATTGTGGAAAAGGGATATTACAGTGAGCGAGATGCTGCAGATGCCGTTAAACAAATCCTGGAGGCAGTTGCTTATCTACATGAAAATGGGATTGTCCATCGTGATCTCAAACCAGAGAATCTTCTTTATGCAACTCCAGCCCCAGATGCACCACTCAAAATCGCTGATTTTGGACTCTCTAAAATTGTGGAACATCAAGTGCTCATGAAGACAGTATGTGGAACCCCAGGGTACTGCGCACCTGAAATTCTTAGAGGTTGTGCCTATGGACCTGAGGTGGACATGTGGTCTGTAGGAATAATCACCTACATCTTACTTTGTGGATTTGAACCATTCTATGATGAAAGAGGCGATCAGTTCATGTTCAGGAGAATTCTGAATTGTGAATATTACTTTATCTCCCCCTGGTGGGATGAAGTATCTCTAAATGCCAAGGACTTGGTCAGAAAATTAATTGTTTTGGATCCAAAGAAACGGCTGACTACATTTCAAGCTCTCCAGCATCCGTGGGTCACAGGTAAAGCAGCCAATTTTGTACACATGGATACCGCTCAAAAGAAGCTCCAAGAATTCAATGCCCGGCGTAAGCTTAAGGCAGCGGTGAAGGCTGTGGTGGCCTCTTCCCGCCTGGGATGACAGTAAAGGTGGATA
MAP2K6A-c025,Kanamycin,,,216,BL21(DE3)-R3,E. coli,MAP2K6,Activation loop mutant S207D/T211D,His6-TEV,Kinase-STE,,P52564,MP2K6_HUMAN,STE,"T7/lac regulated, N-terminal His-tag, TEV, LIC cloning using BsaI cleavage/T4 polymerase, SacB stuffer fragment, pET28 backbone.",pNIC28-Bsa4,MHHHHHHSSGVDLGTENLYFQSMEVKADDLEPIMELGRGAYGVVEKMRHVPSGQIMAVKRIRATVNSQEQKRLLMDLDISMRTVDCPFTVTFYGALFREGDVWICMELMDTSLDKFYKQVIDKGQTIPEDILGKIAVSIVKALEHLHSKLSVIHRDVKPSNVLINALGQVKMCDFGISGYLVDDVAKDIDAGCKPYMAPERINPELNQKGYSVKSDIWSLGITMIELAILRFPYDSWGTPFQQLKQVVEEPSPQLPADKFSAEFVDFTSQCLKKNSKERPTYPELMQHPFFTLHESKGTDVASFVKLILGD,ATGGAGGTGAAGGCAGATGACCTGGAGCCTATAATGGAACTGGGACGAGGTGCGTACGGGGTGGTGGAGAAGATGCGGCACGTGCCCAGCGGGCAGATCATGGCAGTGAAGCGGATCCGAGCCACAGTAAATAGCCAGGAACAGAAACGGCTACTGATGGATTTGGATATTTCCATGAGGACGGTGGACTGTCCATTCACTGTCACCTTTTATGGCGCACTGTTTCGGGAGGGTGATGTGTGGATCTGCATGGAGCTCATGGATACATCACTAGATAAATTCTACAAACAAGTTATTGATAAAGGCCAGACAATTCCAGAGGACATCTTAGGGAAAATAGCAGTTTCTATTGTAAAAGCATTAGAACATTTACATAGTAAGCTGTCTGTCATTCACAGAGACGTCAAGCCTTCTAATGTACTCATCAATGCTCTCGGTCAAGTGAAGATGTGCGATTTTGGAATCAGTGGCTACTTGGTGGACGATGTTGCTAAAGACATTGATGCAGGTTGCAAACCATACATGGCCCCTGAAAGAATAAACCCAGAGCTCAACCAGAAGGGATACAGTGTGAAGTCTGACATTTGGAGTCTGGGCATCACGATGATTGAGTTGGCCATCCTTCGATTTCCCTATGATTCATGGGGAACTCCATTTCAGCAGCTCAAACAGGTGGTAGAGGAGCCATCGCCACAACTCCCAGCAGACAAGTTCTCTGCAGAGTTTGTTGACTTTACCTCACAGTGCTTAAAGAAGAATTCCAAAGAACGGCCTACATACCCAGAGCTAATGCAACATCCATTTTTCACCCTACATGAATCCAAAGGAACAGATGTGGCATCTTTTGTAAAACTGATTCTTGGAGACTGACAGTAAAGGTGGATA
MAST4A-c010,Kanamycin,,,413,BL21(DE3)-R3-pRARE2,E. coli,MAST4,codon-optimized,His6-TEV,Kinase-AGC,,O15021,MAST4_HUMAN,AGC,"T7/lac regulated, N-terminal His-tag, TEV, LIC cloning using BsaI cleavage/T4 polymerase, SacB stuffer fragment, pET28 backbone.",pNIC28-Bsa4,MHHHHHHSSGVDLGTENLYFQSMQPIVIHSSGKNYGFTIRAIRVYVGDSDIYTVHHIVWNVEEGSPACQAGLKAGDLITHINGEPVHGLVHTEVIELLLKSGNKVSITTTPFENTETSV,ATGCAGCCGATCGTGATTCATAGCAGCGGCAAAAATTATGGCTTTACCATTCGCGCGATCCGTGTGTATGTGGGCGATAGCGATATTTATACCGTGCATCATATTGTGTGGAATGTGGAAGAAGGCAGCCCGGCGTGCCAGGCGGGCCTGAAAGCCGGCGATCTGATTACCCATATTAACGGTGAACCGGTTCATGGCCTGGTGCATACCGAAGTGATTGAACTGCTGCTGAAAAGCGGCAACAAAGTGAGCATTACCACCACCCCGTTTGAAAATACCGAAACCAGCGTTTGACAGTAAAGGTGGATA
MAPK11A-c007,Kanamycin,,,158,BL21(DE3)-R3,E. coli,MAPK11,,His6-TEV,Kinase-CMGC,,Q15759,MK11_HUMAN,CMGC,"T7/lac regulated, N-terminal His-tag, TEV, LIC cloning using BsaI cleavage/T4 polymerase, SacB stuffer fragment, pET28 backbone.",pNIC28-Bsa4,MHHHHHHSSGVDLGTENLYFQSMRAGFYRQELNKTVWEVPQRLQGLRPVGSGAYGSVCSAYDARLRQKVAVKKLSRPFQSLIHARRTYRELRLLKHLKHENVIGLLDVFTPATSIEDFSEVYLVTTLMGADLNNIVKCQALSDEHVQFLVYQLLRGLKYIHSAGIIHRDLKPSNVAVNEDCELRILDFGLARQADEEMTGYVATRWYRAPEIMLNWMHYNQTVDIWSVGCIMAELLQGKALFPGSDYIDQLKRIMEVVGTPSPEVLAKISSEHARTYIQSLPPMPQKDLSSIFRGANPLAIDLLGRMLVLDSDQRVSAAEALAHAYFSQYHDPEDEPEAEPYDESVEAKERTLEEWKELTYQEVLSFKP,ATGCACCATCATCATCATCATTCTTCTGGTGTAGATCTGGGTACCGAGAACCTGTACTTCCAATCCATGCGCGCCGGCTTCTACCGGCAGGAGCTGAACAAGACCGTGTGGGAGGTGCCGCAGCGGCTGCAGGGGCTGCGCCCGGTGGGCTCCGGCGCCTACGGCTCCGTCTGTTCGGCCTACGACGCCCGGCTGCGCCAGAAGGTGGCGGTGAAGAAGCTGTCGCGCCCCTTCCAGTCGCTGATCCACGCGCGCAGAACGTACCGGGAGCTGCGGCTGCTCAAGCACCTGAAGCACGAGAACGTCATCGGGCTTCTGGACGTCTTCACGCCGGCCACGTCCATCGAGGACTTCAGCGAAGTGTACTTGGTGACCACCCTGATGGGCGCCGACCTGAACAACATCGTCAAGTGCCAGGCGCTGAGCGACGAGCACGTTCAATTCCTGGTTTACCAGCTGCTGCGCGGGCTGAAGTACATCCACTCGGCCGGGATCATCCACCGGGACCTGAAGCCCAGCAACGTGGCTGTGAACGAGGACTGTGAGCTCAGGATCCTGGATTTCGGGCTGGCGCGCCAGGCGGACGAGGAGATGACCGGCTATGTGGCCACGCGCTGGTACCGGGCACCTGAGATCATGCTCAACTGGATGCATTACAACCAAACAGTGGATATCTGGTCCGTGGGCTGCATCATGGCTGAGCTGCTCCAGGGCAAGGCCCTCTTCCCGGGAAGCGACTACATTGACCAGCTGAAGCGCATCATGGAAGTGGTGGGCACACCCAGCCCTGAGGTTCTGGCAAAAATCTCCTCAGAACACGCCCGGACATATATCCAGTCCCTGCCCCCCATGCCCCAGAAGGACCTGAGCAGCATCTTCCGTGGAGCCAACCCCCTGGCCATAGACCTCCTTGGAAGGATGCTGGTGCTGGACAGTGACCAGAGGGTCAGTGCAGCTGAGGCACTGGCCCACGCCTACTTCAGCCAGTACCACGACCCCGAGGATGAGCCAGAGGCCGAGCCATATGATGAGAGCGTTGAGGCCAAGGAGCGCACGCTGGAGGAGTGGAAGGAGCTCACTTACCAGGAAGTCCTCAGCTTCAAGCCCTGACAGTAAAGGTGGATACGGATCCGAA
RPS6KA1A-c036,Kanamycin,,,130,BL21(DE3)-R3-pRARE2,E. coli,RPS6KA1,,His6-TEV,Kinase-AGC,,Q15418,KS6A1_HUMAN,AGC,"T7/lac regulated, N-terminal His-tag, TEV, LIC cloning using BsaI cleavage/T4 polymerase, SacB stuffer fragment, pET28 backbone.",pNIC28-Bsa4,MHHHHHHSSGVDLGTENLYFQSMVFSDGYVVKETIGVGSYSECKRCVHKATNMEYAVKVIDKSKRDPSEEIEILLRYGQHPNIITLKDVYDDGKHVYLVTELMRGGELLDKILRQKFFSEREASFVLHTIGKTVEYLHSQGVVHRDLKPSNILYVDESGNPECLRICDFGFAKQLRAENGLLMTPCYTANFVAPEVLKRQGYDEGCDIWSLGILLYTMLAGYTPFANGPSDTPEEILTRIGSGKFTLSGGNWNTVSETAKDLVSKMLHVDPHQRLTAKQVLQHPWVTQKDKLPQSQLSHQDLQLVKGAMAATYSALNSSKPTPQLKPIESSILAQRRVRKLPSTTL,ATGCACCATCATCATCATCATTCTTCTGGTGTAGATCTGGGTACCGAGAACCTGTACTTCCAATCCATGGTTTTTAGTGACGGCTACGTGGTAAAGGAGACAATTGGTGTGGGCTCCTACTCTGAGTGCAAGCGCTGTGTCCACAAGGCCACCAACATGGAGTATGCTGTCAAGGTCATTGATAAGAGCAAGCGGGATCCTTCAGAAGAGATTGAGATTCTTCTGCGGTATGGCCAGCACCCCAACATCATCACTCTGAAAGATGTGTATGATGATGGCAAACACGTGTACCTGGTGACAGAGCTGATGCGGGGTGGGGAGCTGCTGGACAAGATCCTGCGGCAGAAGTTCTTCTCAGAGCGGGAGGCCAGCTTTGTCCTGCACACCATTGGCAAAACTGTGGAGTATCTGCACTCACAGGGGGTTGTGCACAGGGACCTGAAGCCCAGCAACATCCTGTATGTGGACGAGTCCGGGAATCCCGAGTGCCTGCGCATCTGTGACTTTGGTTTTGCCAAACAGCTGCGGGCTGAGAATGGGCTCCTCATGACACCTTGCTACACAGCCAACTTTGTGGCGCCTGAGGTGCTGAAGCGCCAGGGCTACGATGAAGGCTGCGACATCTGGAGCCTGGGCATTCTGCTGTACACCATGCTGGCAGGATATACTCCATTTGCCAACGGTCCCAGTGACACACCAGAGGAAATCCTAACCCGGATCGGCAGTGGGAAGTTTACCCTCAGTGGGGGAAATTGGAACACAGTTTCAGAGACAGCCAAGGACCTGGTGTCCAAGATGCTACACGTGGATCCCCACCAGCGCCTCACAGCTAAGCAGGTTCTGCAGCATCCATGGGTCACCCAGAAAGACAAGCTTCCCCAAAGCCAGCTGTCCCACCAGGACCTACAGCTTGTGAAGGGAGCCATGGCTGCCACGTACTCCGCACTCAACAGCTCCAAGCCCACCCCCCAGCTGAAGCCCATCGAGTCATCCATCCTGGCCCAGCGGCGAGTGAGGAAGTTGCCATCCACCACCCTGTGACAGTAAAGGTGGATACGGATCCGAA
DYRK2A-c022,Kanamycin,,,250,BL21(DE3)-R3-pRARE2,E. coli,DYRK2,,His6-TEV,Kinase-CMGC,,Q92630,DYRK2_HUMAN,CMGC,"T7/lac regulated, N-terminal His-tag, TEV, LIC cloning using BsaI cleavage/T4 polymerase, SacB stuffer fragment, pET28 backbone.",pNIC28-Bsa4,MHHHHHHSSGVDLGTENLYFQSMGKVKATPMTPEQAMKQYMQKLTAFEHHEIFSYPEIYFLGLNAKKRQGMTGGPNNGGYDDDQGSYVQVPHDHVAYRYEVLKVIGKGSFGQVVKAYDHKVHQHVALKMVRNEKRFHRQAAEEIRILEHLRKQDKDNTMNVIHMLENFTFRNHICMTFELLSMNLYELIKKNKFQGFSLPLVRKFAHSILQCLDALHKNRIIHCDLKPENILLKQQGRSGIKVIDFGSSCYEHQRVYTYIQSRFYRAPEVILGARYGMPIDMWSLGCILAELLTGYPLLPGEDEGDQLACMIELLGMPSQKLLDASKRAKNFVSSKGYPRYCTVTTLSDGSVVLNGGRSRRGKLRGPPESREWGNALKGCDDPLFLDFLKQCLEWDPAVRMTPGQALRHPWLRRRLPKPPTGEKTSVKR,ATGCACCATCATCATCATCATTCTTCTGGTGTAGATCTGGGTACCGAGAACCTGTACTTCCAATCCATGGGGAAGGTGAAAGCCACCCCCATGACACCTGAACAAGCAATGAAGCAATACATGCAAAAACTCACAGCCTTCGAACACCATGAGATTTTCAGCTACCCTGAAATATATTTCTTGGGTCTAAATGCTAAGAAGCGCCAGGGCATGACAGGTGGGCCCAACAATGGTGGCTATGATGATGACCAGGGATCATATGTGCAGGTGCCCCACGATCACGTGGCTTACAGGTATGAGGTCCTCAAGGTCATTGGGAAGGGGAGCTTTGGGCAGGTGGTCAAGGCCTACGATCACAAAGTCCACCAGCACGTGGCCCTAAAGATGGTGCGGAATGAGAAGCGCTTCCACCGGCAAGCAGCGGAGGAGATCCGAATCCTGGAACACCTGCGGAAGCAGGACAAGGATAACACAATGAATGTCATCCATATGCTGGAGAATTTCACCTTCCGCAACCACATCTGCATGACGTTTGAGCTGCTGAGCATGAACCTCTATGAGCTCATCAAGAAGAATAAATTCCAGGGCTTCAGTCTGCCTTTGGTTCGCAAGTTTGCCCACTCGATTCTGCAGTGCTTGGATGCTTTGCACAAAAACAGAATAATTCACTGTGACCTTAAGCCCGAGAACATTTTGTTAAAGCAGCAGGGTAGAAGCGGTATTAAAGTAATTGATTTTGGCTCCAGTTGTTACGAGCATCAGCGTGTCTACACGTACATCCAGTCGCGTTTTTACCGGGCTCCAGAAGTGATCCTTGGGGCCAGGTATGGCATGCCCATTGATATGTGGAGCCTGGGCTGCATTTTAGCAGAGCTCCTGACGGGTTACCCCCTCTTGCCTGGGGAAGATGAAGGGGACCAGCTGGCCTGTATGATTGAACTGTTGGGCATGCCCTCACAGAAACTGCTGGATGCATCCAAACGAGCCAAAAATTTTGTGAGCTCCAAGGGTTATCCCCGTTACTGCACTGTCACGACTCTCTCAGATGGCTCTGTGGTCCTAAACGGAGGCCGTTCCCGGAGGGGGAAACTGAGGGGCCCACCGGAGAGCAGAGAGTGGGGGAACGCGCTGAAGGGGTGTGATGATCCCCTTTTCCTTGACTTCTTAAAACAGTGTTTAGAGTGGGATCCTGCAGTGCGCATGACCCCAGGCCAGGCTTTGCGGCACCCCTGGCTGAGGAGGCGGTTGCCAAAGCCTCCCACCGGGGAGAAAACGTCAGTGAAAAGGTGACAGTAAAGGTGGATACGGATCCGAA
MAST3A-c010,Kanamycin,,,443,BL21(DE3)-R3-pRARE2,E. coli,MAST3,codon-optimized,His6-TEV,Kinase-AGC,,O60307,MAST3_HUMAN,AGC,"T7/lac regulated, N-terminal His-tag, TEV, LIC cloning using BsaI cleavage/T4 polymerase, SacB stuffer fragment, pET28 backbone.",pNIC28-Bsa4,MHHHHHHSSGVDLGTENLYFQSMRPPIVIHSSGKKYGFSLRAIRVYMGDSDVYTVHHVVWSVEDGSPAQEAGLRAGDLITHINGESVLGLVHMDVVELLLKSGNKISLRTTALENTETSV,ATGCACCATCATCATCATCATTCTTCTGGTGTAGATCTGGGTACCGAGAACCTGTACTTCCAATCCATGCGTCCGCCGATTGTGATTCATAGCAGCGGCAAAAAATATGGCTTTAGCCTGCGCGCCATTCGCGTGTATATGGGTGATAGCGATGTTTATACCGTTCATCATGTGGTGTGGAGCGTGGAAGATGGCAGCCCGGCCCAGGAAGCGGGCCTGCGTGCGGGCGATCTGATTACCCATATTAACGGCGAAAGCGTGCTGGGCCTGGTTCACATGGATGTGGTGGAACTGCTGCTGAAAAGCGGCAATAAAATTAGCCTGCGTACCACCGCGCTGGAAAATACCGAAACCAGCGTTTGACAGTAAAGGTGGATACGGATCCGAA
AKT3A-c040,Kanamycin,,,54,BL21(DE3)-R3-pRARE2,E. coli,AKT3,,His6-TEV,Kinase-AGC,,Q9Y243,AKT3_HUMAN,AGC,"T7/lac regulated, N-terminal His-tag, TEV, LIC cloning using BsaI cleavage/T4 polymerase, SacB stuffer fragment, pET28 backbone.",pNIC28-Bsa4,MHHHHHHSSGVDLGTENLYFQSMSDVTIVKEGWVQKRGEYIKNWRPRYFLLKTDGSFIGYKEKPQDVDLPYPLNNFSVAKCQLMKTERPKPNTFIIRCLQWTTVIERTFHVDTPEEREEWTEAIQAVADRLQRQEEERMN,ATGCACCATCATCATCATCATTCTTCTGGTGTAGATCTGGGTACCGAGAACCTGTACTTCCAATCCATGAGCGATGTTACCATTGTGAAAGAAGGTTGGGTTCAGAAGAGGGGAGAATATATAAAAAACTGGAGGCCAAGATACTTCCTTTTGAAGACAGATGGCTCATTCATAGGATATAAAGAGAAACCTCAAGATGTGGATTTACCTTATCCCCTCAACAACTTTTCAGTGGCAAAATGCCAGTTAATGAAAACAGAACGACCAAAGCCAAACACATTTATAATCAGATGTCTCCAGTGGACTACTGTTATAGAGAGAACATTTCATGTAGATACTCCAGAGGAAAGGGAAGAATGGACAGAAGCTATCCAGGCTGTAGCAGACAGACTGCAGAGGCAAGAAGAGGAGAGAATGAATTGACAGTAAAGGTGGATACGGATCCGAA
GAKA-c006,Kanamycin,,,203,BL21(DE3)-R3-pRARE2,E. coli,GAK,,His6-TEV,Kinase-Other,,O14976,GAK_HUMAN,,"T7/lac regulated, N-terminal His-tag, TEV, LIC cloning using BsaI cleavage/T4 polymerase, SacB stuffer fragment, pET28 backbone.",pNIC28-Bsa4,MHHHHHHSSGVDLGTENLYFQSMAGPGSLGGASGRDQSDFVGQTVELGELRLRVRRVLAEGGFAFVYEAQDVGSGREYALKRLLSNEEEKNRAIIQEVCFMKKLSGHPNIVQFCSAASIGKEESDTGQAEFLLLTELCKGQLVEFLKKMESRGPLSCDTVLKIFYQTCRAVQHMHRQKPPIIHRDLKVENLLLSNQGTIKLCDFGSATTISHYPDYSWSAQRRALVEEEITRNTTPMYRTPEIIDLYSNFPIGEKQDIWALGCILYLLCFRQHPFEDGAKLRIVNGKYSIPPHDTQYTVFHSLIRAMLQVNPEERLSIAEVVHQLQEIAAARNVNPKSPITELLEQNGGYGSATLSRGP,ATGCACCATCATCATCATCATTCTTCTGGTGTAGATCTGGGTACCGAGAACCTGTACTTCCAATCCATGGCGGGTCCAGGCTCCCTGGGCGGTGCTTCCGGCCGCGACCAGAGTGACTTCGTGGGGCAGACGGTGGAACTGGGCGAGCTGCGGCTGCGGGTGCGGCGGGTCCTGGCCGAAGGAGGGTTTGCATTTGTGTATGAAGCTCAAGATGTGGGGAGTGGCAGAGAGTATGCATTAAAGAGGCTATTATCCAATGAAGAGGAAAAGAACAGAGCCATCATTCAAGAAGTTTGCTTCATGAAAAAGCTTTCCGGCCACCCGAACATTGTCCAGTTTTGTTCTGCAGCGTCTATAGGAAAAGAGGAGTCAGACACGGGGCAGGCTGAGTTCCTCTTGCTCACAGAGCTCTGTAAAGGGCAGCTGGTGGAATTTTTGAAGAAAATGGAATCTCGAGGCCCCCTTTCGTGCGACACGGTTCTGAAGATCTTCTACCAGACGTGCCGCGCCGTGCAGCACATGCACCGGCAGAAGCCGCCCATCATCCACAGGGACCTCAAGGTTGAGAACTTGTTGCTTAGTAACCAAGGGACCATTAAGCTGTGTGACTTTGGCAGTGCCACGACCATCTCGCACTACCCTGACTACAGCTGGAGCGCCCAGAGGCGAGCCCTGGTGGAGGAAGAGATCACGAGGAATACAACACCAATGTATAGAACACCAGAAATCATAGACTTGTATTCCAACTTCCCGATCGGCGAGAAGCAGGATATCTGGGCCCTGGGCTGCATCTTGTACCTGCTGTGCTTCCGGCAGCACCCTTTTGAGGATGGAGCGAAACTTCGAATAGTCAATGGGAAGTACTCGATCCCCCCGCACGACACGCAGTACACGGTCTTCCACAGCCTCATCCGCGCCATGCTGCAGGTGAACCCGGAGGAGCGGCTGTCCATCGCCGAGGTGGTGCACCAGCTGCAGGAGATCGCGGCCGCCCGCAACGTGAACCCCAAGTCTCCCATCACAGAGCTCCTGGAGCAGAATGGAGGCTACGGGAGCGCCACACTGTCCCGAGGGCCATGACAGTAAAGGTGGATACGGATCCGAA
SRPK2A-c003,Kanamycin,,,492,BL21(DE3)-R3-pRARE2,E. coli,SRPK2,Internal segment 268-518 deleted; codon-optimized,His6-TEV,Kinase-CMGC,,P78362,SRPK2_HUMAN,CMGC,"T7/lac regulated, N-terminal His-tag, TEV, LIC cloning using BsaI cleavage/T4 polymerase, SacB stuffer fragment, pET28 backbone.",pNIC28-Bsa4,MHHHHHHSSGVDLGTENLYFQSMGSDDEEQEDPADYCKGGYHPVKIGDLFNGRYHVIRKLGWGHFSTVWLCWDMQGKRFVAMKVVKSAQHYTETALDEIKLLKCVRESDPSDPNKDMVVQLIDDFKISGMNGIHVCMVFEVLGHHLLKWIIKSNYQGLPVRCVKSIIRQVLQGLDYLHSKCKIIHTDIKPENILMCVDDAYVRRMAAEATEWQKAGAPPPSGSAVSTAPAADLLVNPLDPRNADKIRVKIADLGNACWVHKHFTEDIQTRQYRSIEVLIGAGYSTPADIWSTACMAFELATGDYLFEPHSGEDYSRDEDHIAHIIELLGSIPRHFALSGKYSREFFNRRGELRHITKLKPWSLFDVLVEKYGWPHEDAAQFTDFLIPMLEMVPEKRASAGECLRHPWLNS,ATGCACCATCATCATCATCATTCTTCTGGTGTAGATCTGGGTACCGAGAACCTGTACTTCCAATCCATGGGTAGCGATGACGAGGAGCAGGAAGATCCCGCCGATTACTGTAAAGGCGGTTATCATCCAGTGAAGATTGGCGACTTGTTCAACGGTCGTTACCACGTTATCCGCAAACTGGGCTGGGGTCACTTTTCCACTGTCTGGTTGTGCTGGGACATGCAAGGCAAGCGTTTCGTAGCTATGAAAGTGGTAAAATCTGCGCAGCACTATACAGAAACCGCACTGGATGAAATTAAGTTGCTGAAATGTGTCCGCGAGTCAGATCCCTCGGACCCGAATAAGGACATGGTAGTGCAACTGATCGATGACTTTAAGATTTCGGGTATGAACGGCATCCATGTTTGCATGGTATTCGAAGTGTTGGGTCACCATCTGTTGAAATGGATTATCAAGAGCAATTACCAGGGCCTGCCCGTACGTTGCGTGAAATCCATTATCCGCCAAGTTTTGCAGGGCCTGGATTATCTGCACTCTAAGTGCAAAATCATTCATACTGACATCAAACCAGAGAACATTTTGATGTGCGTCGATGACGCCTACGTACGTCGCATGGCTGCGGAAGCAACAGAGTGGCAGAAGGCCGGCGCTCCTCCGCCCTCAGGTAGTGCGGTGTCGACCGCCCCAGCAGCTGATCTGTTGGTTAATCCTCTGGACCCGCGTAACGCCGACAAAATCCGCGTCAAGATTGCGGACCTGGGCAACGCATGCTGGGTGCACAAACACTTTACTGAAGATATCCAAACACGTCAGTATCGCAGCATTGAGGTATTGATCGGTGCTGGCTACTCCACCCCAGCCGACATCTGGTCTACTGCGTGTATGGCTTTCGAACTGGCAACCGGTGATTATTTGTTCGAACCCCACTCAGGCGAGGACTACAGTCGTGATGAGGACCATATTGCGCACATCATTGAGCTGTTGGGTTCGATCCCTCGCCATTTTGCGCTGAGCGGCAAATACTCCCGTGAGTTCTTTAATCGCCGTGGTGAGCTGCGCCACATTACAAAGTTGAAACCGTGGTCGCTGTTCGATGTTTTGGTCGAAAAGTATGGCTGGCCACATGAGGACGCTGCCCAGTTTACCGATTTCCTGATCCCCATGCTGGAAATGGTGCCTGAGAAACGTGCATCAGCCGGTGAATGCTTGCGTCACCCGTGGCTGAACAGTTGACAGTAAAGGTGGATACGGATCCGAA
PKMYT1A-c004,Kanamycin,,,304,BL21(DE3)-R3-pRARE2,E. coli,PKMYT1,codon-optimized,His6-TEV,Kinase-Other,,Q99640,PMYT1_HUMAN,,"T7/lac regulated, N-terminal His-tag, TEV, LIC cloning using BsaI cleavage/T4 polymerase, SacB stuffer fragment, pET28 backbone.",pNIC28-Bsa4,MHHHHHHSSGVDLGTENLYFQSMHQLQPRRVSFRGEASETLQSPGYDPSRPESFFQQSFQRLSRLGHGSYGEVFKVRSKEDGRLYAVKRSMSPFRGPKDRARKLAEVGSHEKVGQHPCCVRLEQAWEEGGILYLQTELCGPSLQQHCEAWGASLPEAQVWGYLRDTLLALAHLHSQGLVHLDVKPANIFLGPRGRCKLGDFGLLVELGTAGAGEVQEGDPRYMAPELLQGSYGTAADVFSLGLTILEVACNMELPHGGEGWQQLRQGYLPPEFTAGLSSELRSVLVMMLEPDPKLRATAEALLALPVLRQP,ATGCACCATCATCATCATCATTCTTCTGGTGTAGATCTGGGTACCGAGAACCTGTACTTCCAATCCATGCACCAGTTGCAACCTCGTCGTGTTTCTTTTCGCGGCGAGGCTTCAGAAACCTTGCAGAGCCCAGGTTATGATCCGTCCCGCCCAGAAAGTTTCTTTCAACAGTCGTTCCAACGCCTCAGCCGTCTGGGACATGGTTCTTACGGCGAAGTATTCAAAGTACGCTCCAAAGAGGACGGCCGTTTGTATGCGGTGAAACGCTCAATGAGTCCGTTTCGTGGCCCCAAAGATCGCGCCCGTAAGCTGGCGGAAGTTGGCTCTCACGAGAAAGTCGGCCAGCATCCGTGTTGCGTACGCCTGGAGCAAGCCTGGGAAGAAGGCGGTATTCTGTACCTGCAGACAGAGCTGTGCGGCCCTTCACTGCAACAGCACTGTGAGGCGTGGGGTGCAAGTTTGCCAGAAGCTCAAGTGTGGGGTTATCTGCGTGACACCTTGCTGGCCTTGGCACATCTGCATTCGCAGGGTTTGGTTCACCTGGATGTCAAGCCCGCCAACATCTTCCTGGGCCCTCGTGGTCGTTGTAAACTGGGCGATTTTGGCCTGTTGGTGGAGTTGGGCACTGCGGGTGCTGGTGAAGTACAAGAAGGCGATCCGCGTTACATGGCACCAGAATTGCTGCAGGGCTCTTATGGTACAGCCGCGGATGTTTTCAGCCTGGGCTTGACTATTCTGGAGGTAGCTTGCAATATGGAGCTGCCCCACGGCGGCGAAGGTTGGCAACAGTTGCGCCAAGGTTACCTGCCCCCTGAGTTTACCGCCGGTTTGTCATCCGAGTTGCGCAGTGTACTGGTCATGATGCTGGAGCCCGATCCGAAACTGCGCGCAACAGCTGAAGCATTGCTGGCTTTGCCCGTTTTGCGCCAACCATGACAGTAAAGGTGGATACGGATCCGAA
CLK2A-c015,Kanamycin,,,195,BL21(DE3)-R3-lambda-PPase,E. coli,CLK2,,His6-TEV,Kinase-CMGC,,P49760,CLK2_HUMAN,CMGC,"T7/lac regulated, N-terminal His-tag, TEV, LIC cloning using BsaI cleavage/T4 polymerase, SacB stuffer fragment, pET28 backbone.",pNIC28-Bsa4,MHHHHHHSSGVDLGTENLYFQSMRSSSHSSRRAKSVEDDAEGHLIYHVGDWLQERYEIVSTLGEGTFGRVVQCVDHRRGGARVALKIIKNVEKYKEAARLEINVLEKINEKDPDNKNLCVQMFDWFDYHGHMCISFELLGLSTFDFLKDNNYLPYPIHQVRHMAFQLCQAVKFLHDNKLTHTDLKPENILFVNSDYELTYNLEKKRDERSVKSTAVRVVDFGSATFDHEHHSTIVSTRHYRAPEVILELGWSQPCDVWSIGCIIFEYYVGFTLFQTHDNREHLAMMERILGPIPSRMIRKTRKQKYFYRGRLDWDENTSAGRYVRENCKPLRRYLTSEAEEHHQLFDLIESMLEYEPAKRLTLGEALQHPFFARLRAEPPNKLWDSSRD,ATGCACCATCATCATCATCATTCTTCTGGTGTAGATCTGGGTACCGAGAACCTGTACTTCCAATCCATGCGCTCATCTTCGCACAGCAGCCGGAGAGCCAAGAGTGTAGAGGACGACGCTGAGGGCCACCTCATCTACCACGTCGGGGACTGGCTACAAGAGCGATATGAAATCGTTAGCACCTTAGGAGAGGGGACCTTCGGCCGAGTTGTACAATGTGTTGACCATCGCAGGGGTGGGGCTCGAGTTGCCCTGAAGATCATTAAGAATGTGGAGAAGTACAAGGAAGCAGCTCGACTTGAGATCAACGTGCTAGAGAAAATCAATGAGAAAGACCCTGACAACAAGAACCTCTGTGTCCAGATGTTTGACTGGTTTGACTACCATGGCCACATGTGTATCTCCTTTGAGCTTCTGGGCCTTAGCACCTTCGATTTCCTCAAAGACAACAACTACCTGCCCTACCCCATCCACCAAGTGCGCCACATGGCCTTCCAGCTGTGCCAGGCTGTCAAGTTCCTCCATGATAACAAGCTGACACATACAGACCTCAAGCCTGAAAATATTCTGTTTGTGAATTCAGACTATGAGCTCACCTACAACCTAGAGAAGAAGCGAGATGAGCGCAGTGTGAAGAGCACAGCTGTGCGGGTGGTAGACTTTGGCAGTGCCACCTTTGACCATGAGCACCATAGCACCATTGTCTCCACTCGCCATTACCGAGCACCAGAAGTCATCCTTGAGTTGGGCTGGTCACAGCCTTGTGATGTGTGGAGTATAGGCTGCATCATCTTTGAATACTATGTGGGATTCACCCTCTTCCAGACCCATGACAACAGAGAGCATCTAGCCATGATGGAAAGGATCTTGGGTCCTATCCCTTCCCGGATGATCCGAAAGACAAGAAAGCAGAAATATTTTTACCGGGGTCGCCTGGATTGGGATGAGAACACATCAGCTGGGCGCTATGTTCGTGAGAACTGCAAACCGCTGCGGCGGTATCTGACCTCAGAGGCAGAGGAACACCACCAGCTCTTCGATCTGATTGAAAGCATGCTAGAGTATGAACCAGCTAAGCGGCTGACCTTGGGTGAAGCCCTTCAGCATCCTTTCTTCGCCCGCCTTCGGGCTGAGCCGCCCAACAAGTTGTGGGACTCCAGTCGGGATTGACAGTAAAGGTGGATACGGATCCGAA
MAST1A-c018,Kanamycin,,,324,BL21(DE3)-R3-pRARE2,E. coli,MAST1,codon-optimized,His6-TEV,Kinase-AGC,,Q9Y2H9,MAST1_HUMAN,AGC,"T7/lac regulated, N-terminal His-tag, TEV, LIC cloning using BsaI cleavage/T4 polymerase, SacB stuffer fragment, pET28 backbone.",pNIC28-Bsa4,MHHHHHHSSGVDLGTENLYFQSMRSPITIQRSGKKYGFTLRAIRVYMGDTDVYSVHHIVWHVEEGGPAQEAGLCAGDLITHVNGEPVHGMVHPEVVELILKSGNKVAVTTTPFENTQSLV,ATGCACCATCATCATCATCATTCTTCTGGTGTAGATCTGGGTACCGAGAACCTGTACTTCCAATCCATGCGTAGCCCGATTACCATTCAGCGTAGCGGCAAAAAATATGGTTTTACCCTGCGTGCGATTCGCGTGTATATGGGCGATACCGATGTTTATAGCGTTCATCATATTGTTTGGCATGTGGAAGAAGGTGGTCCGGCGCAGGAAGCGGGCCTGTGCGCGGGCGATCTGATTACCCATGTGAATGGTGAACCGGTGCATGGCATGGTTCATCCGGAAGTGGTTGAACTGATTCTGAAAAGCGGTAATAAAGTGGCGGTGACCACCACCCCGTTTGAAAACACCCAGAGCCTGGTTTGACAGTAAAGGTGGATACGGATCCGAA
VRK1A-c510,Kanamycin,,,384,BL21(DE3)-R3-pRARE2,E. coli,VRK1,"Surface mutant for crystallisation K34A, K35A, E36A, E212A, K214A, E215A, E292A, K293A, K294A, K359A, K360A, E361A",His6-TEV,Kinase-CK1,,Q99986,VRK1_HUMAN,CK1,"T7/lac regulated, N-terminal His-tag, TEV, LIC cloning using BsaI cleavage/T4 polymerase, SacB stuffer fragment, pET28 backbone.",pNIC28-Bsa4,MHHHHHHSSGVDLGTENLYFQSMRVKAAQAGRQSSAKRHLAEQFAVGEIITDMAAAAWKVGLPIGQGGFGCIYLADMNSSESVGSDAPCVVKVEPSDNGPLFTELKFYQRAAKPEQIQKWIRTRKLKYLGVPKYWGSGLHDKNGKSYRFMIMDRFGSDLQKIYEANAKRFSRKTVLQLSLRILDILEYIHEHEYVHGDIKASNLLLNYKNPDQVYLVDYGLAYRYCPEGVHKAYAADPKRCHDGTIEFTSIDAHNGVAPSRRGDLEILGYCMIQWLTGHLPWEDNLKDPKYVRDSKIRYRENIASLMDKCFPAANAPGEIAKYMETVKLLDYTEKPLYENLRDILLQGLKAIGSKDDGKLDLSVVENGGLKAKTITKKRAAEIEE,ATGCACCATCATCATCATCATTCTTCTGGTGTAGATCTGGGTACCGAGAACCTGTACTTCCAATCCATGCGTGTAAAAGCAGCTCAAGCTGGAAGACAGAGCTCTGCAAAGAGACATCTTGCAGAACAATTTGCAGTTGGAGAGATAATAACTGACATGGCAGCAGCGGCATGGAAAGTAGGATTACCCATTGGCCAAGGAGGCTTTGGCTGTATATATCTTGCTGATATGAATTCTTCAGAGTCAGTTGGCAGTGATGCACCTTGTGTTGTAAAAGTGGAACCCAGTGACAATGGACCTCTTTTTACTGAATTAAAGTTCTACCAACGAGCTGCAAAACCAGAGCAAATTCAGAAATGGATTCGTACCCGTAAGCTGAAGTACCTGGGTGTTCCTAAGTATTGGGGGTCTGGTCTACATGACAAAAATGGAAAAAGTTACAGGTTTATGATAATGGATCGCTTTGGGAGTGACCTTCAGAAAATATATGAAGCAAATGCCAAAAGGTTTTCTCGGAAAACTGTCTTGCAGCTAAGCTTAAGAATTCTGGATATTCTGGAATATATTCACGAGCATGAGTATGTGCATGGAGATATCAAGGCCTCAAATCTTCTTCTGAACTACAAGAATCCTGACCAGGTGTACTTGGTAGATTATGGCCTTGCTTATCGGTACTGCCCAGAAGGAGTTCATAAAGCATACGCAGCAGACCCCAAAAGATGTCACGATGGCACTATTGAATTCACGAGCATCGATGCACACAATGGCGTGGCCCCATCAAGACGTGGTGATTTGGAAATACTTGGTTATTGCATGATCCAATGGCTTACTGGCCATCTTCCTTGGGAGGATAATTTGAAAGATCCTAAATATGTTAGAGATTCCAAAATTAGATACAGAGAAAATATTGCAAGTTTGATGGACAAATGTTTTCCTGCGGCAAACGCACCAGGTGAAATTGCCAAATACATGGAAACAGTGAAATTACTAGACTACACTGAAAAACCTCTTTATGAAAATTTACGTGACATTCTTTTGCAAGGACTAAAAGCTATAGGAAGTAAGGATGATGGCAAATTGGACCTCAGTGTTGTGGAGAATGGAGGTTTGAAAGCAAAAACAATAACAAAGAAGCGAGCGGCAGAAATTGAAGAATGACAGTAAAGGTGGATACGGATCCGAA
YSK1A-c020,Kanamycin,,,297,BL21(DE3)-R3-lambda-PPase,E. coli,STK25,,His6-Zb-TEV,Kinase-STE,,O00506,STK25_HUMAN,STE,"Basic solubility-enhancing tag, normal LIC cloning, TEV cleavage. Pavel EXP-09-AC5269",pNIC-Zb,MHHHHHHSSGVDNKFNKERRRARREIRHLPNLNREQRRAFIRSLRDDPSQSANLLAEAKKLNDAQPKGTENLYFQSMAHLRGFANQHSRVDPEELFTKLDRIGKGSFGEVYKGIDNHTKEVVAIKIIDLEEAEDEIEDIQQEITVLSQCDSPYITRYFGSYLKSTKLWIIMEYLGGGSALDLLKPGPLEETYIATILREILKGLDYLHSERKIHRDIKAANVLLSEQGDVKLADFGVAGQLTDTQIKRNTFVGTPFWMAPEVIKQSAYDFKADIWSLGITAIELAKGEPPNSDLHPMRVLFLIPKNSPPTLEGQHSKPFKEFVEACLNKDPRFRPTAKELLKHKFITRYTKKTSFLTELIDRYKRWKSE,ATGCACCATCATCATCATCATTCTTCTGGTGTGGATAACAAGTTCAACAAGGAGCGTCGAAGAGCTCGCCGTGAAATTCGCCATCTGCCGAACCTGAACCGCGAACAGCGTCGCGCATTTATTCGCAGCCTGCGCGATGATCCGAGCCAGAGCGCGAACCTGCTGGCGGAAGCGAAGAAGCTGAACGATGCGCAGCCGAAGGGTACCGAGAACCTGTACTTCCAATCCATGGCTCACCTCCGGGGATTTGCCAACCAGCACTCTCGAGTGGACCCTGAGGAGCTCTTCACCAAGCTCGACCGCATTGGCAAGGGCTCGTTTGGGGAGGTCTACAAGGGCATCGATAACCACACAAAGGAGGTGGTGGCCATCAAGATCATCGACCTGGAGGAGGCCGAGGATGAGATCGAGGACATCCAGCAGGAGATCACTGTCCTCAGTCAGTGCGACAGCCCCTACATCACCCGCTACTTTGGCTCCTACCTAAAGAGCACCAAGCTATGGATCATCATGGAGTACCTGGGCGGCGGCTCAGCACTGGACTTGCTTAAACCAGGTCCCCTGGAGGAGACATACATTGCCACGATCCTGCGGGAGATTCTGAAGGGCCTGGATTATCTGCACTCCGAACGCAAGATCCACCGAGACATCAAAGCTGCCAACGTGCTACTCTCGGAGCAGGGTGACGTGAAGCTGGCGGACTTTGGGGTAGCAGGGCAGCTCACAGACACGCAGATTAAGAGGAACACATTCGTGGGCACCCCCTTCTGGATGGCACCTGAGGTCATCAAGCAGTCGGCCTACGACTTCAAGGCTGACATCTGGTCCCTGGGGATCACAGCCATCGAGCTGGCCAAGGGGGAGCCTCCAAACTCTGACCTCCACCCCATGCGCGTCCTGTTCCTGATTCCCAAGAACAGCCCACCCACACTGGAGGGCCAGCACAGCAAGCCCTTCAAGGAGTTCGTGGAGGCCTGCCTCAACAAAGACCCCCGATTCCGGCCCACGGCCAAGGAGCTCCTGAAGCACAAGTTCATCACACGCTACACCAAGAAGACCTCCTTCCTCACGGAGCTCATCGACCGCTATAAGCGCTGGAAGTCAGAGTGACAGTAAAGGTGGATACGGATCCGAATTCGAGCTCCGTCGACAAGCTTGCGGCCGCACTCGAGCACCACCACCACCACCACTGA
PHKG2A-c020,Kanamycin,,,135,BL21(DE3)-R3-lambda-PPase,E. coli,PHKG2,,His6-Zb-TEV,Kinase-CAMK,,P15735,PHKG2_HUMAN,CAMK,"Basic solubility-enhancing tag, normal LIC cloning, TEV cleavage. Pavel EXP-09-AC5269",pNIC-Zb,MHHHHHHSSGVDNKFNKERRRARREIRHLPNLNREQRRAFIRSLRDDPSQSANLLAEAKKLNDAQPKGTENLYFQSMGPEDELPDWAAAKEFYQKYDPKDVIGRGVSSVVRRCVHRATGHEFAVKIMEVTAERLSPEQLEEVREATRRETHILRQVAGHPHIITLIDSYESSSFMFLVFDLMRKGELFDYLTEKVALSEKETRSIMRSLLEAVSFLHANNIVHRDLKPENILLDDNMQIRLSDFGFSCHLEPGEKLRELCGTPGYLAPEILKCSMDETHPGYGKEVDLWACGVILFTLLAGSPPFWHRRQILMLRMIMEGQYQFSSPEWDDRSSTVKDLISRLLQVDPEARLTAEQALQHPFFER,ATGCACCATCATCATCATCATTCTTCTGGTGTGGATAACAAGTTCAACAAGGAGCGTCGAAGAGCTCGCCGTGAAATTCGCCATCTGCCGAACCTGAACCGCGAACAGCGTCGCGCATTTATTCGCAGCCTGCGCGATGATCCGAGCCAGAGCGCGAACCTGCTGGCGGAAGCGAAGAAGCTGAACGATGCGCAGCCGAAGGGTACCGAGAACCTGTACTTCCAATCCATGGGGCCGGAGGATGAGCTGCCCGACTGGGCCGCCGCCAAAGAGTTTTACCAGAAGTACGACCCTAAGGACGTCATCGGCAGAGGAGTGAGCTCTGTGGTCCGCCGTTGTGTTCATCGAGCTACTGGCCACGAGTTTGCGGTGAAGATTATGGAAGTGACAGCTGAGCGGCTGAGTCCTGAGCAGCTGGAGGAGGTGCGGGAAGCCACACGGCGAGAGACACACATCCTTCGCCAGGTCGCCGGCCACCCCCACATCATCACCCTCATCGATTCCTACGAGTCTTCTAGCTTCATGTTCCTGGTGTTTGACCTGATGCGGAAGGGAGAGCTGTTTGACTATCTCACAGAGAAGGTGGCCCTCTCTGAAAAGGAAACCAGGTCCATCATGCGGTCTCTGCTGGAAGCAGTGAGCTTTCTCCATGCCAACAACATTGTGCATCGAGATCTGAAGCCCGAGAATATTCTCCTAGATGACAATATGCAGATCCGACTTTCAGATTTCGGGTTCTCCTGCCACTTGGAACCTGGCGAGAAGCTTCGAGAGTTGTGTGGGACCCCAGGGTATCTAGCGCCAGAGATCCTTAAATGCTCCATGGATGAAACCCACCCAGGCTATGGCAAGGAGGTCGACCTCTGGGCCTGTGGGGTGATCTTGTTCACACTCCTGGCTGGCTCGCCACCCTTCTGGCACCGGCGGCAGATCCTGATGTTACGCATGATCATGGAGGGCCAGTACCAGTTCAGTTCCCCCGAGTGGGATGACCGTTCCAGCACTGTCAAAGACCTGATCTCCAGGCTGCTGCAGGTGGATCCTGAGGCACGCCTGACAGCTGAGCAGGCCCTACAGCACCCCTTCTTTGAGCGTTGACAGTAAAGGTGGATACGGATCCGAATTCGAGCTCCGTCGACAAGCTTGCGGCCGCACTCGAGCACCACCACCACCACCACTGA
CDKL1A-c024,Kanamycin,,TEV-His6-Flag,360,BL21(DE3)-R3-pRARE2,E. coli,CDKL1,,,Kinase-CMGC,,Q00532,CDKL1_HUMAN,CMGC,"C-terminal His+flag, TEV-cleavable, for LIC cloning. EXP-06-AA9343",pNIC-CTHF,MMEKYEKIGKIGEGSYGVVFKCRNRDTGQIVAIKKFLESEDDPVIKKIALREIRMLKQLKHPNLVNLLEVFRRKRRLHLVFEYCDHTVLHELDRYQRGVPEHLVKSITWQTLQAVNFCHKHNCIHRDVKPENILITKHSVIKLCDFGFARLLTGPSDYYDDEVATRWYRSPELLVGDTQYGPPVDVWAIGCVFAELLSGVPLWPGKSDVDQLYLIRKTLGDLIPRHQQVFSTNQYFSGVKIPDPEDMEPLELKFPNISYPALGLLKGCLHMDPTERLTCEQLLHHPYFENIREIEDLAKEHDKPAENLYFQSHHHHHHDYKDDDDK,ATGATGGAGAAGTATGAAAAAATTGGGAAAATTGGAGAAGGCTCCTATGGAGTTGTTTTCAAATGTAGAAACAGGGACACGGGTCAGATTGTGGCCATCAAGAAGTTTCTGGAATCAGAAGATGACCCTGTCATAAAGAAAATTGCCCTTCGGGAAATCCGAATGCTCAAGCAACTCAAGCATCCCAACCTTGTTAACCTCCTGGAAGTCTTCAGGAGGAAACGGAGGCTTCACCTGGTGTTTGAATATTGTGACCACACAGTTCTCCATGAGTTGGACAGATACCAAAGAGGGGTACCAGAACATCTCGTGAAGAGCATAACTTGGCAGACACTGCAAGCTGTAAATTTTTGCCATAAACACAATTGCATACATAGAGACGTGAAGCCAGAAAATATCCTCATCACGAAACATTCCGTGATTAAGCTTTGTGACTTTGGATTTGCTCGGCTTTTGACTGGACCGAGTGACTACTATGACGACGAAGTGGCTACCAGGTGGTACCGCTCCCCTGAGCTGCTGGTGGGGGACACGCAGTACGGCCCCCCGGTGGATGTTTGGGCAATTGGCTGTGTCTTTGCTGAGCTGCTGTCAGGAGTGCCTCTGTGGCCAGGAAAATCGGATGTGGATCAGCTGTATCTGATTAGGAAGACCTTGGGGGATCTCATTCCTAGGCACCAGCAAGTGTTTAGCACGAATCAGTACTTCAGTGGAGTGAAAATTCCAGACCCTGAAGATATGGAACCACTTGAATTAAAATTCCCAAACATCTCTTATCCTGCCCTGGGGCTCCTAAAGGGCTGTCTCCACATGGACCCTACTGAAAGGCTGACATGTGAACAGCTGTTGCATCACCCATATTTTGAAAACATCAGAGAAATAGAGGATTTGGCAAAAGAACACGACAAACCAGCAGAGAACCTCTACTTCCAATCGCACCATCATCACCACCATGATTACAAGGATGACGACGATAAGTGAGGATCC
TAF1A-c005,Kanamycin,,,488,BL21(DE3)-R3-pRARE2,E. coli,TAF1,,His6-TEV,Bromodomain,,P21675,TAF1_HUMAN,,"T7/lac regulated, N-terminal His-tag, TEV, LIC cloning using BsaI cleavage/T4 polymerase, SacB stuffer fragment, pET28 backbone.",pNIC28-Bsa4,MHHHHHHSSGVDLGTENLYFQSMDDDQVAFSFILDNIVTQKMMAVPDSWPFHHPVNKKFVPDYYKVIVNPMDLETIRKNISKHKYQSRESFLDDVNLILANSVKYNGPESQYTKTAQEIVNVCYQTLTEYDEHLTQLEKDICTAKEAALEEAELESLD,ATGCACCATCATCATCATCATTCTTCTGGTGTAGATCTGGGTACCGAGAACCTGTACTTCCAATCCATGGATGATGATCAGGTGGCCTTTAGCTTCATTCTGGATAACATTGTGACCCAGAAAATGATGGCCGTGCCGGATAGCTGGCCGTTTCATCACCCGGTGAACAAAAAATTTGTGCCGGATTATTATAAAGTGATTGTTAACCCGATGGATCTGGAAACCATTCGTAAAAATATTAGCAAACACAAATATCAGAGCCGCGAAAGCTTTCTGGATGATGTGAATCTGATTCTGGCCAATAGCGTTAAATATAATGGTCCGGAAAGCCAGTATACCAAAACCGCGCAGGAAATTGTGAACGTTTGTTATCAGACCCTGACCGAATATGATGAACATCTGACCCAGCTGGAAAAAGATATCTGCACCGCCAAAGAAGCGGCGCTGGAAGAAGCGGAACTGGAAAGCCTGGATTGACAGTAAAGGTGGATACGGATCCGAA
TAF1A-c006,Kanamycin,,,488,BL21(DE3)-R3-pRARE2,E. coli,TAF1,,His6-TEV,Bromodomain,,P21675,TAF1_HUMAN,,"T7/lac regulated, N-terminal His-tag, TEV, LIC cloning using BsaI cleavage/T4 polymerase, SacB stuffer fragment, pET28 backbone.",pNIC28-Bsa4,MHHHHHHSSGVDLGTENLYFQSMSIHRRRTDPMVTLSSILESIINDMRDLPNTYPFHTPVNAKVVKDYYKIITRPMDLQTLRENVRKRLYPSREEFREHLELIVKNSATYNGPKHSLTQISQSMLDLCDEKLKEKEDKLARLEKAINPLLDDDDQVAFSFILDNIVTQKMMAVPDSWPFHHPVNKKFVPDYYKVIVNPMDLETIRKNISKHKYQSRESFLDDVNLILANSVKYNGPESQYTKTAQEIVNVCYQTLTEYDEHLTQLEKDICTAKEAALEEAELESLD,ATGCACCATCATCATCATCATTCTTCTGGTGTAGATCTGGGTACCGAGAACCTGTACTTCCAATCCATGAGCATTCATCGTCGTCGTACCGATCCGATGGTGACCCTGAGCAGCATTCTGGAAAGCATTATCAACGATATGCGCGATCTGCCGAACACCTATCCGTTTCATACCCCGGTTAACGCGAAAGTGGTTAAAGATTATTATAAAATTATCACCCGTCCGATGGATCTGCAGACCCTGCGCGAAAACGTTCGTAAACGTCTGTATCCGAGCCGCGAAGAATTTCGTGAACATCTGGAACTGATTGTGAAAAATAGCGCGACCTATAATGGCCCGAAACACAGCCTGACCCAGATTAGCCAGAGCATGCTGGATCTGTGCGATGAAAAACTGAAAGAAAAAGAAGATAAACTGGCGCGCCTGGAAAAAGCCATTAATCCGCTGCTGGATGATGATGATCAGGTGGCCTTTAGCTTCATTCTGGATAACATTGTGACCCAGAAAATGATGGCCGTGCCGGATAGCTGGCCGTTTCATCACCCGGTGAACAAAAAATTTGTGCCGGATTATTATAAAGTGATTGTTAACCCGATGGATCTGGAAACCATTCGTAAAAATATTAGCAAACACAAATATCAGAGCCGCGAAAGCTTTCTGGATGATGTGAATCTGATTCTGGCCAATAGCGTTAAATATAATGGTCCGGAAAGCCAGTATACCAAAACCGCGCAGGAAATTGTGAACGTTTGTTATCAGACCCTGACCGAATATGATGAACATCTGACCCAGCTGGAAAAAGATATCTGCACCGCCAAAGAAGCGGCGCTGGAAGAAGCGGAACTGGAAAGCCTGGATTGACAGTAAAGGTGGATACGGATCCGAA
AURKBA-c004,Kanamycin,,,38,BL21(DE3)-R3-pRARE2,E. coli,AURKB,,His6-TEV,Kinase-Other,Complex with INCENPA-c002,Q96GD4,AURKB_HUMAN,,"T7/lac regulated, N-terminal His-tag, TEV, LIC cloning using BsaI cleavage/T4 polymerase, SacB stuffer fragment, pET28 backbone.",pNIC28-Bsa4,MHHHHHHSSGVDLGTENLYFQSMQKVMENSSGTPDILTRHFTIDDFEIGRPLGKGKFGNVYLAREKKSHFIVALKVLFKSQIEKEGVEHQLRREIEIQAHLHHPNILRLYNYFYDRRRIYLILEYAPRGELYKELQKSCTFDEQRTATIMEELADALMYCHGKKVIHRDIKPENLLLGLKGELKIADFGWSVHAPSLRRKTMCGTLDYLPPEMIEGRMHNEKVDLWCIGVLCYELLVGNPPFESASHNETYRRIVKVDLKFPASVPTGAQDLISKLLRHNPSERLPLAQVSAHPWVRANSRRVLPPSALQSVA,ATGCACCATCATCATCATCATTCTTCTGGTGTAGATCTGGGTACCGAGAACCTGTACTTCCAATCCATGCAGAAGGTGATGGAGAATAGCAGTGGGACACCCGACATCTTAACGCGGCACTTCACAATTGATGACTTTGAGATTGGGCGTCCTCTGGGCAAAGGCAAGTTTGGAAACGTGTACTTGGCTCGGGAGAAGAAAAGCCATTTCATCGTGGCGCTCAAGGTCCTCTTCAAGTCCCAGATAGAGAAGGAGGGCGTGGAGCATCAGCTGCGCAGAGAGATCGAAATCCAGGCCCACCTGCACCATCCCAACATCCTGCGTCTCTACAACTATTTTTATGACCGGAGGAGGATCTACTTGATTCTAGAGTATGCCCCCCGCGGGGAGCTCTACAAGGAGCTGCAGAAGAGCTGCACATTTGACGAGCAGCGAACAGCCACGATCATGGAGGAGTTGGCAGATGCTCTAATGTACTGCCATGGGAAGAAGGTGATTCACAGAGACATAAAGCCAGAAAATCTGCTCTTAGGGCTCAAGGGAGAGCTGAAGATTGCTGACTTCGGCTGGTCTGTGCATGCGCCCTCCCTGAGGAGGAAGACAATGTGTGGCACCCTGGACTACCTGCCCCCAGAGATGATTGAGGGGCGCATGCACAATGAGAAGGTGGATCTGTGGTGCATTGGAGTGCTTTGCTATGAGCTGCTGGTGGGGAACCCACCCTTTGAGAGTGCATCACACAACGAGACCTATCGCCGCATCGTCAAGGTGGACCTAAAGTTCCCCGCTTCTGTGCCCACGGGAGCCCAGGACCTCATCTCCAAACTGCTCAGGCATAACCCCTCGGAACGGCTGCCCCTGGCCCAGGTCTCAGCCCACCCTTGGGTCCGGGCCAACTCTCGGAGGGTGCTGCCTCCCTCTGCCCTTCAATCTGTCGCCTGACAGTAAAGGTGGATACGGATCCGAA
CDC42BPAA-c004,Kanamycin,,TEV-His6,233,BL21(DE3)-R3-lambda-PPase,E. coli,CDC42BPA,,,Kinase-AGC,,Q5VT25,MRCKA_HUMAN,AGC,"C-terminal His, TEV-cleavable, for LIC cloning. EXP-10-AE0544",pNIC-CTH0,MSGEVRLRQLEQFILDGPAQTNGQCFSVETLLDILICLYDECNNSPLRREKNILEYLEWAKPFTSKVKQMRLHREDFEILKVIGRGAFGEVAVVKLKNADKVFAMKILNKWEMLKRAETACFREERDVLVNGDSKWITTLHYAFQDDNNLYLVMDYYVGGDLLTLLSKFEDRLPEEMARFYLAEMVIAIDSVHQLHYVHRDIKPDNILMDMNGHIRLADFGSCLKLMEDGTVQSSVAVGTPDYISPEILQAMEGGKGRYGPECDWWSLGVCMYEMLYGETPFYAESLVETYGKIMNHKERFQFPTQVTDVSENAKDLIRRLICSREHRLGQNGIEDFKKHPFFSGIDWDNIRNCEAPYIPEVSSPTDTSNFDVDDDCLKNSETMPPPTHTAFSGHHLPFVGFTYTSSCVLSDRSCLRVTAGPTSAENLYFQSHHHHHH,ATGTCTGGAGAAGTGCGTTTGAGGCAGTTGGAACAGTTTATTTTAGATGGGCCAGCTCAGACCAATGGGCAGTGCTTCAGTGTGGAGACGTTACTGGACATACTCATCTGTCTTTATGATGAATGCAATAATTCTCCATTGAGAAGAGAGAAGAACATTCTTGAATATCTAGAATGGGCTAAACCATTCACTTCTAAAGTGAAGCAAATGCGCTTACATAGAGAAGACTTCGAAATATTAAAGGTGATTGGTCGAGGAGCTTTTGGTGAGGTTGCTGTAGTTAAACTGAAAAATGCAGATAAAGTATTTGCCATGAAAATTCTGAACAAGTGGGAAATGCTGAAAAGAGCTGAGACAGCGTGCTTTCGTGAAGAGAGGGATGTGTTGGTAAATGGAGACAGTAAGTGGATAACCACTCTGCACTATGCTTTTCAGGATGACAATAACTTATACCTGGTTATGGATTATTATGTTGGTGGGGATTTACTTACTCTGCTCAGCAAATTTGAAGATCGATTGCCAGAAGAGATGGCTCGGTTTTACTTGGCTGAGATGGTGATAGCCATTGACTCAGTTCACCAGCTCCACTATGTTCACAGAGACATCAAACCTGACAATATATTGATGGATATGAATGGACATATTCGTTTAGCAGATTTTGGTTCTTGTCTGAAGCTGATGGAAGATGGAACGGTCCAGTCCTCAGTGGCAGTTGGAACTCCAGACTACATTTCCCCGGAAATCCTTCAGGCTATGGAGGGCGGGAAAGGCAGATATGGACCAGAGTGTGACTGGTGGTCCTTGGGAGTCTGCATGTATGAGATGCTTTACGGAGAAACACCATTCTATGCGGAATCTCTGGTGGAGACATATGGAAAAATTATGAATCATAAAGAGAGGTTTCAGTTTCCAACCCAAGTGACTGATGTGTCTGAAAATGCTAAAGATCTTATTCGAAGACTCATTTGTAGCAGAGAACATCGACTTGGCCAGAATGGAATAGAAGACTTTAAGAAACATCCGTTTTTCAGTGGAATTGATTGGGATAACATCCGAAACTGTGAAGCACCTTACATTCCAGAAGTTAGTAGTCCAACAGACACGTCAAATTTCGATGTGGATGACGACTGTTTAAAAAACTCTGAAACAATGCCCCCACCAACACATACTGCATTTTCTGGCCATCATCTACCATTTGTTGGGTTTACATATACTAGTAGCTGTGTTCTTTCTGATCGGAGCTGTTTAAGAGTCACAGCAGGTCCCACCTCAGCAGAGAACCTCTACTTCCAATCGCACCATCATCACCACCATTGAGCAAGAGGATCC
DYRK2A-c023,Kanamycin,,,250,BL21(DE3)-R3-pRARE2,E. coli,DYRK2,,His6-TEV,Kinase-CMGC,,Q92630,DYRK2_HUMAN,CMGC,"T7/lac regulated, N-terminal His-tag, TEV, LIC cloning using BsaI cleavage/T4 polymerase, SacB stuffer fragment, pET28 backbone.",pNIC28-Bsa4,MHHHHHHSSGVDLGTENLYFQSMGKVKATPMTPEQAMKQYMQKLTAFEHHEIFSYPEIYFLGLNAKKRQGMTGGPNNGGYDDDQGSYVQVPHDHVAYRYEVLKVIGKGSFGQVVKAYDHKVHQHVALKMVRNEKRFHRQAAEEIRILEHLRKQDKDNTMNVIHMLENFTFRNHICMTFELLSMNLYELIKKNKFQGFSLPLVRKFAHSILQCLDALHKNRIIHCDLKPENILLKQQGRSGIKVIDFGSSCYEHQRVYTYIQSRFYRAPEVILGARYGMPIDMWSLGCILAELLTGYPLLPGEDEGDQLACMIELLGMPSQKLLDASKRAKNFVSSKGYPRYCTVTTLSDGSVVLNGGRSRRGKLRGPPESREWGNALKGCDDPLFLDFLKQCLEWDPAVRMTPGQALRHPWLRRRLP,ATGCACCATCATCATCATCATTCTTCTGGTGTAGATCTGGGTACCGAGAACCTGTACTTCCAATCCATGGGGAAGGTGAAAGCCACCCCCATGACACCTGAACAAGCAATGAAGCAATACATGCAAAAACTCACAGCCTTCGAACACCATGAGATTTTCAGCTACCCTGAAATATATTTCTTGGGTCTAAATGCTAAGAAGCGCCAGGGCATGACAGGTGGGCCCAACAATGGTGGCTATGATGATGACCAGGGATCATATGTGCAGGTGCCCCACGATCACGTGGCTTACAGGTATGAGGTCCTCAAGGTCATTGGGAAGGGGAGCTTTGGGCAGGTGGTCAAGGCCTACGATCACAAAGTCCACCAGCACGTGGCCCTAAAGATGGTGCGGAATGAGAAGCGCTTCCACCGGCAAGCAGCGGAGGAGATCCGAATCCTGGAACACCTGCGGAAGCAGGACAAGGATAACACAATGAATGTCATCCATATGCTGGAGAATTTCACCTTCCGCAACCACATCTGCATGACGTTTGAGCTGCTGAGCATGAACCTCTATGAGCTCATCAAGAAGAATAAATTCCAGGGCTTCAGTCTGCCTTTGGTTCGCAAGTTTGCCCACTCGATTCTGCAGTGCTTGGATGCTTTGCACAAAAACAGAATAATTCACTGTGACCTTAAGCCCGAGAACATTTTGTTAAAGCAGCAGGGTAGAAGCGGTATTAAAGTAATTGATTTTGGCTCCAGTTGTTACGAGCATCAGCGTGTCTACACGTACATCCAGTCGCGTTTTTACCGGGCTCCAGAAGTGATCCTTGGGGCCAGGTATGGCATGCCCATTGATATGTGGAGCCTGGGCTGCATTTTAGCAGAGCTCCTGACGGGTTACCCCCTCTTGCCTGGGGAAGATGAAGGGGACCAGCTGGCCTGTATGATTGAACTGTTGGGCATGCCCTCACAGAAACTGCTGGATGCATCCAAACGAGCCAAAAATTTTGTGAGCTCCAAGGGTTATCCCCGTTACTGCACTGTCACGACTCTCTCAGATGGCTCTGTGGTCCTAAACGGAGGCCGTTCCCGGAGGGGGAAACTGAGGGGCCCACCGGAGAGCAGAGAGTGGGGGAACGCGCTGAAGGGGTGTGATGATCCCCTTTTCCTTGACTTCTTAAAACAGTGTTTAGAGTGGGATCCTGCAGTGCGCATGACCCCAGGCCAGGCTTTGCGGCACCCCTGGCTGAGGAGGCGGTTGCCATGACAGTAAAGGTGGATACGGATCCGAA
NEK1A-c011,Kanamycin,,,139,BL21(DE3)-R3-lambda-PPase,E. coli,NEK1,,His6-TEV,Kinase-Other,,Q96PY6,NEK1_HUMAN,NEK,"T7/lac regulated, N-terminal His-tag, TEV, LIC cloning using BsaI cleavage/T4 polymerase, SacB stuffer fragment, pET28 backbone.",pNIC28-Bsa4,MHHHHHHSSGVDLGTENLYFQSMEKYVRLQKIGEGSFGKAILVKSTEDGRQYVIKEINISRMSSKEREESRREVAVLANMKHPNIVQYRESFEENGSLYIVMDYCEGGDLFKRINAQKGVLFQEDQILDWFVQICLALKHVHDRKILHRDIKSQNIFLTKDGTVQLGDFGIARVLNSTVELARACIGTPYYLSPEICENKPYNNKSDIWALGCVLYELCTLKHAFEAGSMKNLVLKIISGSFPPVSLHYSYDLRSLVSQLFKRNPRDRPSVNSILEKGFIAKRIEKFLSPQLIAEEFCLKTFSKFGSQPIPAKRPASGQNSISVMPAQKITKPAAKYGIPLAYKKYGDKK,ATGCACCATCATCATCATCATTCTTCTGGTGTAGATCTGGGTACCGAGAACCTGTACTTCCAATCCATGGAGAAGTATGTTAGACTACAGAAGATTGGAGAAGGTTCATTTGGAAAAGCCATTCTTGTTAAATCTACAGAAGATGGCAGACAGTATGTTATCAAGGAAATTAACATCTCAAGAATGTCCAGTAAAGAAAGAGAAGAATCAAGGAGAGAAGTTGCAGTATTGGCAAACATGAAGCATCCAAATATTGTCCAGTATAGAGAATCATTTGAAGAAAATGGCTCTCTCTACATAGTAATGGATTACTGTGAGGGAGGGGATCTGTTTAAGCGAATAAATGCTCAGAAAGGCGTTTTGTTTCAAGAGGATCAGATTTTGGACTGGTTTGTACAGATATGTTTGGCCCTGAAACATGTACATGATAGAAAAATTCTTCATCGAGACATTAAATCTCAGAACATATTTTTAACTAAAGATGGAACAGTACAACTTGGAGATTTTGGAATTGCTAGAGTTCTTAATAGTACTGTAGAGCTGGCTCGAGCTTGCATAGGGACCCCATACTACTTGTCACCTGAAATCTGTGAAAACAAACCTTACAATAATAAAAGTGACATTTGGGCTCTGGGGTGTGTCCTTTATGAGCTGTGTACACTTAAACATGCTTTTGAAGCTGGCAGTATGAAAAACCTGGTACTGAAGATAATATCTGGATCTTTTCCACCTGTGTCTTTGCATTATTCCTATGATCTCCGCAGTTTGGTGTCTCAGTTATTTAAAAGAAATCCTAGGGATAGACCATCAGTCAACTCCATATTGGAGAAAGGTTTTATAGCCAAACGCATTGAAAAGTTTCTCTCTCCTCAGCTTATTGCAGAAGAATTTTGTCTAAAAACATTTTCGAAGTTTGGATCACAGCCTATACCAGCTAAAAGACCAGCTTCAGGACAAAACTCGATTTCTGTTATGCCTGCTCAGAAAATTACAAAGCCTGCCGCTAAATATGGAATACCTTTAGCATATAAGAAATATGGAGATAAAAAATGACAGTAAAGGTGGATACGGATCCGAA
PIM1A-c001,Ampicillin,,,76,BL21DE3,E. coli,PIM1,R250G,His6-TEV,Kinase-CAMK,,P11309,PIM1_HUMAN,CAMK,"T7-lacl regulated, N-terminal his tag, TEV cleavage, LIC cloning using BseRI/ T4 pol, pET backbone.",pLIC-SGC1,MHHHHHHSSGVDLGTENLYFQSMLLSKINSLAHLRAAPCNDLHATKLAPGKEKEPLESQYQVGPLLGSGGFGSVYSGIRVSDNLPVAIKHVEKDRISDWGELPNGTRVPMEVVLLKKVSSGFSGVIRLLDWFERPDSFVLILERPEPVQDLFDFITERGALQEELARSFFWQVLEAVRHCHNCGVLHRDIKDENILIDLNRGELKLIDFGSGALLKDTVYTDFDGTRVYSPPEWIRYHRYHGRSAAVWSLGILLYDMVCGDIPFEHDEEIIGGQVFFRQRVSSECQHLIRWCLALRPSDRPTFEEIQNHPWMQDVLLPQETAEIHLHSLSPGPS,ATGCACCATCATCATCATCATTCTTCTGGTGTAGATCTGGGTACCGAGAACCTGTACTTCCAATCCATGCTCTTGTCCAAAATCAACTCGCTTGCCCACCTGCGCGCCGCGCCCTGCAACGACCTGCACGCCACCAAGCTGGCGCCCGGCAAGGAGAAGGAGCCCCTGGAGTCGCAGTACCAGGTGGGCCCGCTACTGGGCAGCGGCGGCTTCGGCTCGGTCTACTCAGGCATCCGCGTCTCCGACAACTTGCCGGTGGCCATCAAACACGTGGAGAAGGACCGGATTTCCGACTGGGGAGAGCTGCCTAATGGCACTCGAGTGCCCATGGAAGTGGTCCTGCTGAAGAAGGTGAGCTCGGGTTTCTCCGGCGTCATTAGGCTCCTGGACTGGTTCGAGAGGCCCGACAGTTTCGTCCTGATCCTGGAGAGGCCCGAGCCGGTGCAAGATCTCTTCGACTTCATCACGGAAAGGGGAGCCCTGCAAGAGGAGCTGGCCCGCAGCTTCTTCTGGCAGGTGCTGGAGGCCGTGCGGCACTGCCACAACTGCGGGGTGCTCCACCGCGACATCAAGGACGAAAACATCCTTATCGACCTCAATCGCGGCGAGCTCAAGCTCATCGACTTCGGGTCGGGGGCGCTGCTCAAGGACACCGTCTACACGGACTTCGATGGGACCCGAGTGTATAGCCCTCCAGAGTGGATCCGCTACCATCGCTACCATGGCAGGTCGGCGGCAGTCTGGTCCCTGGGGATCCTGCTGTATGATATGGTGTGTGGAGATATTCCTTTCGAGCATGACGAA
STK16A-c002,Ampicillin,,,299,Rosetta II,E. coli,STK16,,His6-TEV,Kinase-Other,,O75716,STK16_HUMAN,,"T7-Lac regulated, N-terminal his tag, TEV-cleavage, NdeI - BamHI cloning, pET backbone",p11,MGSSHHHHHHSSGRENLYFQGHMVIIDNKHYLFIQKLGEGGFSYVDLVEGLHDGHFYALKRILCHEQQDREEAQREADMHRLFNHPNILRLVAYCLRERGAKHEAWLLLPFFKRGTLWNEIERLKDKGNFLTEDQILWLLLGICRGLEAIHAKGYAHRDLKPTNILLGDEGQPVLMDLGSMNQACIHVEGSRQALTLQDWAAQRCTISYRAPELFSVQSHCVIDERTDVWSLGCVLYAMMFGEGPYDMVFQKGDSVALAVQNQLSIPQSPRHSSALWQLLNSMMTVDPHQRPHIPLLLSQLEALQPPAPGQHTTQIL,ATGGGCAGCAGCCATCATCATCATCATCACAGCAGCGGCAGAGAAAACTTGTATTTCCAGGGCCATATGGTCATCATTGACAATAAGCACTACCTCTTCATCCAGAAACTGGGGGAGGGTGGGTTCAGCTATGTGGACCTAGTGGAAGGGTTACATGATGGACACTTCTACGCCCTGAAGCGAATCCTGTGTCACGAGCAGCAGGACCGGGAGGAGGCCCAGCGAGAAGCCGACATGCATCGCCTCTTCAATCACCCCAACATCCTTCGCCTCGTGGCTTACTGTCTGAGGGAACGGGGTGCTAAGCATGAGGCCTGGCTGCTGCTACCATTCTTCAAGAGAGGTACGCTGTGGAATGAGATAGAAAGGCTGAAGGACAAAGGCAACTTCCTGACCGAGGATCAAATCCTTTGGCTGCTGCTGGGGATCTGCAGAGGCCTTGAGGCCATTCATGCCAAGGGTTATGCCCACAGAGACTTGAAGCCCACCAATATATTGCTTGGAGATGAGGGGCAGCCAGTTTTAATGGACTTGGGTTCCATGAATCAAGCATGCATCCATGTGGAGGGCTCCCGCCAGGCTCTGACCCTGCAGGACTGGGCAGCCCAGCGGTGCACCATCTCCTACCGAGCCCCAGAGCTCTTCTCTGTGCAGAGTCACTGTGTCATCGATGAGCGGACTGATGTCTGGTCCCTAGGCTGCGTGCTATATGCCATGATGTTTGGGGAAGGCCCTTATGACATGGTGTTCCAAAAGGGTGACAGTGTGGCCCTTGCTGTGCAGAACCAACTCAGCATCCCACAAAGCCCCAGGCATTCTTCAGCATTGTGGCAGCTCCTGAACTCGATGATGACCGTGGACCCGCATCAGCGTCCTCACATTCCTCTCCTCCTCAGTCAGCTGGAGGCGCTGCAGCCCCCAGCTCCTGGCCAACATACTACCCAAATCTTGTAAGGATCCTAA
PAK4A-c010,Ampicillin,,,163,BL21DE3,E. coli,PAK4,,GST-PreScission,Kinase-STE,,O96013,PAK4_HUMAN,STE,N terminal GST,pGEX-6P-2-Nde-Xho,MSPILGYWKIKGLVQPTRLLLEYLEEKYEEHLYERDEGDKWRNKKFELGLEFPNLPYYIDGDVKLTQSMAIIRYIADKHNMLGGCPKERAEISMLEGAVLDIRYGVSRIAYSKDFETLKVDFLSKLPEMLKMFEDRLCHKTYLNGDHVTHPDFMLYDALDVVLYMDPMCLDAFPKLVCFKKRIEAIPQIDKYLKSSKYIAWPLQGWQATFGGGDHPPKSDLEVLFQGPLGSSPQREPQRVSHEQFRAALQLVVDPGDPRSYLDNFIKIGEGSTGIVCIATVRSSGKLVAVKKMDLRKQQRRELLFNEVVIMRDYQHENVVEMYNSYLVGDELWVVMEFLEGGALTDIVTHTRMNEEQIAAVCLAVLQALSVLHAQGVIHRDIKSDSILLTHDGRVKLSDFGFCAQVSKEVPRRKSLVGTPYWMAPELISRLPYGPEVDIWSLGIMVIEMVDGEPPYFNEPPLKAMKMIRDNLPPRLKNLHKVSPSLKGFLDRLLVRDPAQRATAAELLKHPFLAKAGPPASIVPLMRQNRTR,ATGTCCCCTATACTAGGTTATTGGAAAATTAAGGGCCTTGTGCAACCCACTCGACTTCTTTTGGAATATCTTGAAGAAAAATATGAAGAGCATTTGTATGAGCGCGATGAAGGTGATAAATGGCGAAACAAAAAGTTTGAATTGGGTTTGGAGTTTCCCAATCTTCCTTATTATATTGATGGTGATGTTAAATTAACACAGTCTATGGCCATCATACGTTATATAGCTGACAAGCACAACATGTTGGGTGGTTGTCCAAAAGAGCGTGCAGAGATTTCAATGCTTGAAGGAGCGGTTTTGGATATTAGATACGGTGTTTCGAGAATTGCATATAGTAAAGACTTTGAAACTCTCAAAGTTGATTTTCTTAGCAAGCTACCTGAAATGCTGAAAATGTTCGAAGATCGTTTATGTCATAAAACATATTTAAATGGTGATCATGTAACCCATCCTGACTTCATGTTGTATGACGCTCTTGATGTTGTTTTATACATGGACCCAATGTGCCTGGATGCGTTCCCAAAATTAGTTTGTTTTAAAAAACGTATTGAAGCTATCCCACAAATTGATAAGTACTTGAAATCCAGCAAGTATATAGCATGGCCTTTGCAGGGCTGGCAAGCCACGTTTGGTGGTGGCGACCATCCTCCAAAATCGGATCTGGAAGTTCTGTTCCAGGGGCCCCTGGGATCCTCACCACAGCGGGAGCCACAGCGAGTATCCCATGAGCAGTTCCGGGCTGCCCTGCAGCTGGTGGTGGACCCAGGCGACCCCCGCTCCTACCTGGACAACTTCATCAAGATTGGCGAGGGCTCCACGGGCATCGTGTGCATCGCCACCGTGCGCAGCTCGGGCAAGCTGGTGGCCGTCAAGAAGATGGACCTGCGCAAGCAGCAGAGGCGCGAGCTGCTCTTCAACGAGGTGGTAATCATGAGGGACTACCAGCACGAGAATGTGGTGGAGATGTACAACAGCTACCTGGTGGGGGACGAGCTCTGGGTGGTCATGGAGTTCCTGGAAGGAGGCGCCCTCACCGACATCGTCACCCACACCAGGATGAACGAGGAGCAGATCGCGGCCGTGTGCCTTGCAGTGCTGCAGGCCCTGTCGGTGCTCCACGCCCAGGGCGTCATCCACCGGGACATCAAGAGCGACTCGATCCTGCTGACCCATGATGGCAGGGTGAAGCTGTCAGACTTTGGGTTCTGCGCCCAGGTGAGCAAGGAAGTGCCCCGAAGGAAGTCGCTGGTCGGCACGCCCTACTGGATGGCCCCAGAGCTCATCTCCCGCCTTCCCTACGGGCCAGAGGTAGACATCTGGTCGCTGGGGATAATGGTGATTGAGATGGTGGACGGAGAGCCCCCCTACTTCAACGAGCCACCCCTCAAAGCCATGAAGATGATTCGGGACAACCTGCCACCCCGACTGAAGAACCTGCACAAGGTGTCGCCATCCCTGAAGGGCTTCCTGGACCGCCTGCTGGTGCGAGACCCTGCCCAGCGGGCCACGGCAGCCGAGCTGCTGAAGCACCCATTCCTGGCCAAGGCAGGGCCGCCTGCCAGCATCGTGCCCCTCATGCGCCAGAACCGCACCAGATGA
CLK1A-c007,Ampicillin,,,171,BL21DE3,E. coli,CLK1,,His6-TEV,Kinase-CMGC,,P49759,CLK1_HUMAN,CMGC,"T7-lacl regulated, N-terminal his tag, TEV cleavage, LIC cloning using BseRI/ T4 pol, pET backbone.",pLIC-SGC1,MHHHHHHSSGVDLGTENLYFQSMHLICQSGDVLSARYEIVDTLGEGAFGKVVECIDHKAGGRHVAVKIVKNVDRYCEAARSEIQVLEHLNTTDPNSTFRCVQMLEWFEHHGHICIVFELLGLSTYDFIKENGFLPFRLDHIRKMAYQICKSVNFLHSNKLTHTDLKPENILFVQSDYTEAYNPKIKRDERTLINPDIKVVDFGSATYDDEHHSTLVSTRHYRAPEVILALGWSQPCDVWSIGCILIEYYLGFTVFPTHDSKEHLAMMERILGPLPKHMIQKTRKRKYFHHDRLDWDEHSSAGRYVSRACKPLKEFMLSQDVEHERLFDLIQKMLEYDPAKRITLREALKHPFFDLLKKSI,ATGCACCTGATCTGTCAGAGTGGAGACGTACTAAGTGCAAGATATGAAATTGTTGATACTTTAGGTGAAGGAGCTTTTGGAAAAGTTGTGGAGTGCATCGATCATAAAGCGGGAGGTAGACATGTAGCAGTAAAAATAGTTAAAAATGTGGATAGATACTGTGAAGCTGCTCGCTCAGAAATACAAGTTCTGGAACATCTGAATACAACAGACCCCAACAGTACTTTCCGCTGTGTCCAGATGTTGGAATGGTTTGAGCATCATGGTCACATTTGCATTGTTTTTGAACTATTGGGACTTAGTACTTACGACTTCATTAAAGAAAATGGTTTTCTACCATTTCGACTGGATCATATCAGAAAGATGGCATATCAGATATGCAAGTCTGTGAATTTTTTGCACAGTAATAAGTTGACTCACACAGACTTAAAGCCTGAAAACATCTTATTTGTGCAGTCTGACTACACAGAGGCGTATAATCCCAAAATAAAACGTGATGAACGCACCTTAATAAATCCAGATATTAAAGTTGTAGACTTTGGTAGTGCAACATATGATGACGAACATCACAGTACATTGGTATCTACAAGACATTATAGAGCACCTGAAGTTATTTTAGCCCTAGGGTGGTCCCAACCATGTGATGTCTGGAGCATAGGATGCATTCTTATTGAATACTATCTTGGGTTTACCGTATTTCCAACACACGATAGTAAGGAGCATTTAGCAATGATGGAAAGGATTCTTGGACCTCTACCAAAACATATGATACAGAAAACCAGGAAACGTAAATATTTTCACCACGATCGATTAGACTGGGATGAACACAGTTCTGCCGGCAGATATGTTTCAAGAGCCTGTAAACCTCTGAAGGAATTTATGCTTTCTCAAGATGTTGAACATGAGCGTCTCTTTGACCTCATTCAGAAAATGTTGGAGTATGATCCAGCCAAAAGAATTACTCTCAGAGAAGCCTTAAAGCATCCTTTCTTTGACCTTCTGAAGAAAAGTATATAA
CSNK1G2A-c002,Ampicillin,,,236,Rosetta II,E. coli,CSNK1G2,,His6-TEV,Kinase-CK1,,P78368,KC1G2_HUMAN,CK1,"T7-lacl regulated, N-terminal his tag, TEV cleavage, LIC cloning using BseRI/ T4 pol, pET backbone.",pLIC-SGC1,MGLNFRVGKKIGCGNFGELRLGKNLYTNEYVAIKLEPIKSRAPQLHLEYRFYKQLSATEGVPQVYYFGPCGNYNAMVLELLGPSLEDLFDLCDRTFTLKTVLMIAIQLITRMEYVHTKSLIYRDVKPENFLVGRPGTKRQHAIHIIDFGLAKEYIDPETKKHIPYREHKSLTGTARYMSINTHLGKEQSRRDDLEALGHMFMYFLRGSLPWQGLKADTLKERYQKIGDTKRATPIEVLCENFPEEMATYLRYVRRLDFFEKPDYDYLRKLFTDLFDRSGFVFDYEYDWAGKPLPTPIGTVHTDLPSQPQLRD,ATGGGCCTCAACTTCCGCGTCGGCAAGAAGATCGGCTGCGGCAACTTCGGGGAGCTCCGCCTAGGAAAGAATCTCTATACAAATGAATACGTGGCTATCAAATTGGAGCCGATCAAGTCCCGGGCCCCGCAGCTGCACCTGGAGTACCGGTTCTACAAGCAGCTCAGCGCCACAGAGGGCGTCCCTCAGGTCTACTACTTCGGTCCGTGCGGGAATTACAACGCCATGGTGCTGGAGCTGCTGGGGCCCAGCCTGGAGGACCTGTTCGACCTGTGCGACCGGACCTTCACGCTCAAGACGGTGCTGATGATCGCCATCCAGCTGATCACGCGCATGGAGTATGTGCACACCAAGAGCCTAATCTACCGGGACGTGAAGCCCGAGAACTTCCTGGTGGGCCGCCCGGGGACCAAGCGGCAGCATGCCATCCACATCATCGACTTCGGGCTGGCCAAGGAGTACATCGACCCCGAGACCAAGAAGCACATCCCGTACCGCGAGCACAAGAGCCTGACGGGCACGGCGCGCTACATGAGCATCAACACGCACCTGGGCAAGGAGCAGAGCCGCCGCGACGACCTGGAGGCGCTGGGCCACATGTTCATGTACTTCCTGCGCGGCAGCCTCCCCTGGCAGGGGCTCAAGGCCGACACGCTCAAGGAGCGGTACCAGAAGATCGGGGACACCAAACGCGCCACGCCCATCGAGGTGCTCTGCGAGAACTTCCCAGAGGAGATGGCCACGTACCTGCGCTATGTGCGGCGCCTGGACTTCTTCGAGAAGCCCGACTATGACTACCTGCGGAAGCTCTTCACCGACCTCTTCGACCGCAGTGGCTTCGTGTTCGACTATGAGTACGACTGGGCCGGGAAGCCCCTGCCGACCCCCATCGGCACCGTCCACACCGACCTGCCCTCCCAGCCTCAGCTCCGGGACTAA
NEK2A-c112,Ampicillin,,His6,159,BL21DE3,E. coli,NEK2,T175A inactivating mutant,,Kinase-Other,,P51955,NEK2_HUMAN,NEK,"T7-lacI regulated, C-terminal his-tag, NdeI-XhoI cloning",pET22b,MPSRAEDYEVLYTIGTGSYGRCQKIRRKSDGKILVWKELDYGSMTEAEKQMLVSEVNLLRELKHPNIVRYYDRIIDRTNTTLYIVMEYCEGGDLASVITKGTKERQYLDEEFVLRVMTQLTLALKECHRRSDGGHTVLHRDLKPANVFLDGKQNVKLGDFGLARILNHDTSFAKAFVGTPYYMSPEQMNRMSYNEKSDIWSLGCLLYELCALMPPFTAFSQKELAGKIREGKFRRIPYRYSDELNEIITRMLNLKDYHRPSVEEILENPLILEHHHHHH,ATGCCTTCCCGGGCTGAGGACTATGAAGTGTTGTACACCATTGGCACAGGCTCCTACGGCCGCTGCCAGAAGATCCGGAGGAAGAGTGATGGCAAGATATTAGTTTGGAAAGAACTTGACTATGGCTCCATGACAGAAGCTGAGAAACAGATGCTTGTTTCTGAAGTGAATTTGCTTCGTGAACTGAAACATCCAAACATCGTTCGTTACTATGATCGGATTATTGACCGGACCAATACAACACTGTACATTGTAATGGAATATTGTGAAGGAGGGGATCTGGCTAGTGTAATTACAAAGGGAACCAAGGAAAGGCAATACTTAGATGAAGAGTTTGTTCTTCGAGTGATGACTCAGTTGACTCTGGCCCTGAAGGAATGCCACAGACGAAGTGATGGTGGTCATACCGTATTGCATCGGGATCTGAAACCAGCCAATGTTTTCCTGGATGGCAAGCAAAACGTCAAGCTTGGAGACTTTGGGCTAGCTAGAATATTAAACCACGACACGAGTTTTGCAAAAGCATTTGTTGGCACACCTTATTACATGTCTCCTGAACAAATGAATCGCATGTCCTACAATGAGAAATCAGATATCTGGTCATTGGGCTGCTTGCTGTATGAGTTATGTGCATTAATGCCTCCATTTACAGCTTTTAGCCAGAAAGAACTCGCTGGGAAAATCAGAGAAGGCAAATTCAGGCGAATTCCATACCGTTACTCTGATGAATTGAATGAAATTATTACGAGGATGTTAAACTTAAAGGATTACCATCGACCTTCTGTTGAAGAAATTCTTGAGAACCCTTTAATA
